DESTINATION_AIRPORT,nb_vols,nb_retards,retard_moyen_arrivee,retard_moyen_depart,distance_moyenne,taux_retard_percent,AIRPORT_NAME,CITY,STATE,LATITUDE,LONGITUDE,AIRPORT_LABEL
10135,238,32,1.17,4.01,597.17,13.45,,,,,,10135
10136,201,20,1.18,5.04,158.0,9.95,,,,,,10136
10140,1815,258,1.63,5.98,730.39,14.21,,,,,,10140
10141,71,11,-1.89,4.11,257.0,15.49,,,,,,10141
10146,87,21,7.13,7.71,145.0,24.14,,,,,,10146
10154,28,5,6.75,7.29,172.0,17.86,,,,,,10154
10155,148,13,-1.93,-0.61,89.0,8.78,,,,,,10155
10157,122,29,9.1,7.71,250.0,23.77,,,,,,10157
10158,248,37,3.55,3.87,837.25,14.92,,,,,,10158
10165,9,1,-15.78,-9.78,1192.0,11.11,,,,,,10165
10170,31,4,0.52,-0.35,253.0,12.9,,,,,,10170
10185,282,49,6.07,6.92,341.33,17.38,,,,,,10185
10208,222,25,0.09,4.09,143.0,11.26,,,,,,10208
10257,733,88,-1.46,5.12,689.13,12.01,,,,,,10257
10268,56,4,-7.82,-1.25,234.0,7.14,,,,,,10268
10279,307,40,1.56,3.54,425.12,13.03,,,,,,10279
10299,1232,177,-0.28,3.31,1315.42,14.37,,,,,,10299
10333,53,3,-6.02,-0.55,198.0,5.66,,,,,,10333
10372,59,6,4.8,4.56,373.95,10.17,,,,,,10372
10397,32594,3098,-2.22,3.78,639.43,9.5,,,,,,10397
10408,260,34,0.19,1.01,272.43,13.08,,,,,,10408
10423,4014,566,2.27,7.32,796.48,14.1,,,,,,10423
10431,283,55,7.09,9.84,337.4,19.43,,,,,,10431
10434,113,13,-0.78,2.06,592.12,11.5,,,,,,10434
10469,121,8,-9.97,1.02,121.85,6.61,,,,,,10469
10529,1715,213,-0.7,5.95,815.18,12.42,,,,,,10529
10551,84,8,-0.9,0.8,399.0,9.52,,,,,,10551
10561,183,21,-2.13,0.83,492.46,11.48,,,,,,10561
10577,61,7,-0.93,4.13,378.0,11.48,,,,,,10577
10581,26,6,8.19,10.27,707.08,23.08,,,,,,10581
10599,1146,152,1.38,6.24,509.4,13.26,,,,,,10599
10620,263,14,-5.21,0.08,501.32,5.32,,,,,,10620
10627,340,29,-3.85,1.43,513.56,8.53,,,,,,10627
10631,62,4,-1.11,0.27,199.0,6.45,,,,,,10631
10666,1,0,-6.0,-3.0,93.0,0.0,,,,,,10666
10685,238,19,-5.89,2.54,419.05,7.98,,,,,,10685
10693,4479,521,-0.8,5.61,664.66,11.63,,,,,,10693
10713,1163,151,0.82,4.98,631.13,12.98,,,,,,10713
10721,10161,1471,0.34,6.32,970.4,14.48,,,,,,10721
10728,87,13,4.25,4.41,270.0,14.94,,,,,,10728
10731,85,19,7.73,11.84,238.0,22.35,,,,,,10731
10732,98,22,6.41,11.16,1353.17,22.45,,,,,,10732
10739,53,4,-6.42,0.43,114.0,7.55,,,,,,10739
10747,203,19,-0.48,2.21,386.86,9.36,,,,,,10747
10754,81,10,-1.37,-3.51,326.21,12.35,,,,,,10754
10779,62,4,-5.56,-4.34,358.0,6.45,,,,,,10779
10781,659,102,4.05,5.94,360.31,15.48,,,,,,10781
10785,349,57,3.73,7.36,431.91,16.33,,,,,,10785
10792,1587,194,-0.43,4.91,569.68,12.22,,,,,,10792
10800,1767,189,-0.77,3.51,457.81,10.7,,,,,,10800
10821,8020,889,-1.78,4.92,752.4,11.08,,,,,,10821
10849,335,27,-5.44,1.51,586.21,8.06,,,,,,10849
10868,434,58,0.62,4.89,482.54,13.36,,,,,,10868
10874,490,60,1.02,7.26,534.74,12.24,,,,,,10874
10918,53,3,3.68,-5.02,221.0,5.66,,,,,,10918
10926,62,9,2.45,0.35,186.5,14.52,,,,,,10926
10980,416,52,-0.02,5.27,267.43,12.5,,,,,,10980
10990,237,37,2.41,10.0,463.86,15.61,,,,,,10990
10994,1207,182,1.19,4.87,541.02,15.08,,,,,,10994
11003,533,57,-1.89,2.47,346.37,10.69,,,,,,11003
11013,57,7,-4.51,3.54,284.0,12.28,,,,,,11013
11042,3221,392,-1.76,4.96,692.23,12.17,,,,,,11042
11049,222,22,-1.88,1.96,132.38,9.91,,,,,,11049
11057,9573,1096,-1.86,2.68,698.89,11.45,,,,,,11057
11066,2188,215,-3.16,4.1,668.59,9.83,,,,,,11066
11067,206,11,-16.2,2.37,218.82,5.34,,,,,,11067
11076,62,7,-3.77,-1.5,360.0,11.29,,,,,,11076
11097,31,2,-1.81,-4.03,298.0,6.45,,,,,,11097
11109,607,105,3.71,5.71,585.08,17.3,,,,,,11109
11111,123,15,-5.9,5.1,402.71,12.2,,,,,,11111
11122,139,8,-6.87,-2.31,281.15,5.76,,,,,,11122
11140,366,67,4.49,5.42,241.79,18.31,,,,,,11140
11146,224,27,-0.17,2.68,447.52,12.05,,,,,,11146
11150,112,22,5.26,5.79,83.0,19.64,,,,,,11150
11193,1917,236,-1.33,3.29,700.78,12.31,,,,,,11193
11203,144,12,-3.8,-0.28,213.0,8.33,,,,,,11203
11252,119,4,-6.39,1.44,366.0,3.36,,,,,,11252
11259,5930,751,1.6,6.25,689.95,12.66,,,,,,11259
11267,753,85,-2.63,3.05,473.89,11.29,,,,,,11267
11274,87,7,-5.72,2.59,147.0,8.05,,,,,,11274
11278,6818,948,-0.98,4.45,766.68,13.9,,,,,,11278
11292,18125,2200,-0.84,4.89,887.37,12.14,,,,,,11292
11298,21033,2571,-0.5,6.1,784.02,12.22,,,,,,11298
11308,118,13,-2.19,2.83,170.0,11.02,,,,,,11308
11315,61,1,-11.13,-2.18,481.0,1.64,,,,,,11315
11337,223,26,0.87,1.14,272.2,11.66,,,,,,11337
11413,178,21,-4.98,2.23,502.71,11.8,,,,,,11413
11423,710,84,-2.43,5.11,593.54,11.83,,,,,,11423
11433,9913,1081,-0.46,4.27,702.09,10.9,,,,,,11433
11447,48,3,-12.85,-10.94,83.0,6.25,,,,,,11447
11471,62,12,2.66,0.81,269.0,19.35,,,,,,11471
11481,375,32,-2.43,3.75,381.14,8.53,,,,,,11481
11503,3,0,-3.33,5.33,721.0,0.0,,,,,,11503
11525,53,4,0.7,-2.92,200.0,7.55,,,,,,11525
11537,195,22,2.22,1.18,400.4,11.28,,,,,,11537
11540,1045,148,2.62,6.34,645.74,14.16,,,,,,11540
11577,57,8,1.89,-0.91,398.0,14.04,,,,,,11577
11587,53,2,-7.47,-2.21,306.0,3.77,,,,,,11587
11603,328,45,3.13,5.78,602.8,13.72,,,,,,11603
11612,399,39,-5.99,3.41,335.74,9.77,,,,,,11612
11617,55,8,2.42,7.02,433.0,14.55,,,,,,11617
11618,9656,1624,2.09,9.1,1066.82,16.82,,,,,,11618
11624,151,14,-5.64,0.98,552.84,9.27,,,,,,11624
11630,177,28,0.98,2.57,1129.82,15.82,,,,,,11630
11637,526,63,-1.4,2.44,474.68,11.98,,,,,,11637
11638,657,69,-0.3,4.09,556.38,10.5,,,,,,11638
11641,150,13,-2.31,2.37,331.0,8.67,,,,,,11641
11648,123,8,-5.41,-2.39,642.4,6.5,,,,,,11648
11695,158,37,7.12,3.84,119.0,23.42,,,,,,11695
11697,5820,947,1.01,8.13,1047.27,16.27,,,,,,11697
11721,412,46,-3.52,3.68,539.7,11.17,,,,,,11721
11775,444,54,0.21,2.14,410.54,12.16,,,,,,11775
11778,180,23,1.57,5.48,348.24,12.78,,,,,,11778
11823,511,48,-4.02,1.5,335.34,9.39,,,,,,11823
11865,88,7,-6.93,0.03,347.17,7.95,,,,,,11865
11867,62,5,0.02,3.19,404.0,8.06,,,,,,11867
11884,829,107,-0.3,4.39,604.66,12.91,,,,,,11884
11898,89,9,1.33,1.26,284.0,10.11,,,,,,11898
11905,60,5,-0.58,-1.58,140.0,8.33,,,,,,11905
11921,271,30,-2.37,0.54,559.92,11.07,,,,,,11921
11953,234,35,3.28,6.95,298.54,14.96,,,,,,11953
11973,303,30,-0.1,3.54,400.78,9.9,,,,,,11973
11977,488,66,-0.81,3.26,250.28,13.52,,,,,,11977
11980,57,5,-6.35,1.7,561.0,8.77,,,,,,11980
11982,370,34,-1.76,2.33,229.43,9.19,,,,,,11982
11986,927,118,-0.76,4.02,377.8,12.73,,,,,,11986
11995,595,76,-1.06,4.01,396.5,12.77,,,,,,11995
11996,630,75,-1.26,3.48,469.88,11.9,,,,,,11996
12003,190,14,-3.12,1.86,600.82,7.37,,,,,,12003
12007,88,9,-4.95,0.89,241.0,10.23,,,,,,12007
12016,31,0,-15.77,5.19,3801.0,0.0,,,,,,12016
12094,20,4,3.05,4.95,141.0,20.0,,,,,,12094
12129,84,12,6.67,7.19,141.52,14.29,,,,,,12129
12156,141,14,-2.93,1.57,556.56,9.93,,,,,,12156
12173,3780,473,2.07,3.59,1245.78,12.51,,,,,,12173
12177,53,8,-2.0,-0.3,501.0,15.09,,,,,,12177
12191,4717,588,0.42,6.5,699.22,12.47,,,,,,12191
12197,720,141,3.24,5.79,864.63,19.58,,,,,,12197
12206,286,45,4.53,5.92,283.81,15.73,,,,,,12206
12217,390,33,-5.13,2.4,307.38,8.46,,,,,,12217
12255,53,5,-6.06,-2.04,298.0,9.43,,,,,,12255
12264,3000,352,-2.87,5.11,1358.46,11.73,,,,,,12264
12265,22,2,2.68,2.82,865.18,9.09,,,,,,12265
12266,13227,1813,0.58,4.85,820.06,13.71,,,,,,12266
12278,698,70,-1.06,2.68,565.64,10.03,,,,,,12278
12280,201,19,-2.69,0.06,306.21,9.45,,,,,,12280
12323,215,27,1.87,3.19,318.06,12.56,,,,,,12323
12335,57,3,-14.07,-6.04,170.33,5.26,,,,,,12335
12339,2378,281,-2.18,4.41,693.26,11.82,,,,,,12339
12343,53,7,4.15,7.98,156.15,13.21,,,,,,12343
12389,220,19,-1.85,0.1,654.06,8.64,,,,,,12389
12391,366,61,4.51,9.96,694.57,16.67,,,,,,12391
12402,504,16,-2.49,-2.12,306.22,3.17,,,,,,12402
12441,157,18,-0.62,6.88,326.73,11.46,,,,,,12441
12448,654,77,-0.53,3.29,393.37,11.77,,,,,,12448
12451,1710,219,-0.73,5.0,577.27,12.81,,,,,,12451
12478,8285,1498,3.15,8.37,1475.12,18.08,,,,,,12478
12511,58,4,-0.95,4.64,327.0,6.9,,,,,,12511
12519,75,6,-5.83,-2.17,396.6,8.0,,,,,,12519
12523,336,64,1.34,1.63,469.97,19.05,,,,,,12523
12758,967,84,-1.26,0.93,908.85,8.69,,,,,,12758
12819,186,34,5.69,3.87,423.17,18.28,,,,,,12819
12884,224,27,1.22,2.18,201.53,12.05,,,,,,12884
12888,53,4,-6.11,1.15,113.0,7.55,,,,,,12888
12889,12702,1673,-1.11,6.46,1015.43,13.17,,,,,,12889
12891,124,13,-0.13,4.2,140.0,10.48,,,,,,12891
12892,17739,2261,-2.03,6.04,1270.3,12.75,,,,,,12892
12896,435,88,9.64,10.75,393.76,20.23,,,,,,12896
12898,117,20,2.24,8.51,988.74,17.09,,,,,,12898
12915,198,20,-2.44,0.21,201.67,10.1,,,,,,12915
12945,586,68,-2.06,3.7,358.8,11.6,,,,,,12945
12951,432,62,2.89,4.15,335.58,14.35,,,,,,12951
12953,8570,1454,1.51,8.17,803.2,16.97,,,,,,12953
12954,775,121,0.23,5.31,731.75,15.61,,,,,,12954
12982,882,99,0.32,2.47,913.76,11.22,,,,,,12982
12992,1050,118,-0.6,3.89,499.37,11.24,,,,,,12992
13029,288,36,-0.07,0.49,460.65,12.5,,,,,,13029
13061,203,36,2.69,5.21,356.22,17.73,,,,,,13061
13076,166,14,-3.14,1.2,172.2,8.43,,,,,,13076
13127,53,1,-7.66,-5.15,461.0,1.89,,,,,,13127
13158,601,80,2.52,3.81,457.93,13.31,,,,,,13158
13184,142,25,5.63,6.42,233.96,17.61,,,,,,13184
13198,3557,439,-0.08,4.96,723.49,12.34,,,,,,13198
13204,9048,1163,-0.72,6.29,942.79,12.85,,,,,,13204
13230,285,26,-4.25,2.42,567.81,9.12,,,,,,13230
13232,7613,646,-4.28,4.74,806.03,8.49,,,,,,13232
13241,84,16,8.23,8.62,331.48,19.05,,,,,,13241
13244,1518,179,-0.95,4.91,551.45,11.79,,,,,,13244
13256,239,30,0.54,4.74,392.82,12.55,,,,,,13256
13264,243,33,4.19,6.05,540.72,13.58,,,,,,13264
13277,309,46,1.0,3.91,282.28,14.89,,,,,,13277
13290,151,9,-5.05,1.98,459.74,5.96,,,,,,13290
13296,579,71,-0.77,4.96,621.9,12.26,,,,,,13296
13303,5956,717,-1.07,5.77,1059.07,12.04,,,,,,13303
13342,2644,280,-1.93,4.6,657.24,10.59,,,,,,13342
13344,62,10,3.94,0.5,118.0,16.13,,,,,,13344
13360,116,6,-4.37,2.03,442.0,5.17,,,,,,13360
13367,308,36,-1.93,3.31,446.64,11.69,,,,,,13367
13377,278,29,0.97,2.42,343.96,10.43,,,,,,13377
13422,438,70,3.23,3.7,416.4,15.98,,,,,,13422
13433,218,22,-0.58,2.37,528.63,10.09,,,,,,13433
13459,26,1,-3.85,-0.23,303.0,3.85,,,,,,13459
13476,241,45,3.88,5.09,300.03,18.67,,,,,,13476
13485,837,82,-2.59,2.69,364.32,9.8,,,,,,13485
13486,170,11,-5.89,1.08,615.01,6.47,,,,,,13486
13487,10623,1166,-1.72,3.83,784.28,10.98,,,,,,13487
13495,3670,420,-1.34,5.2,739.82,11.44,,,,,,13495
13502,7,1,-0.43,0.71,196.0,14.29,,,,,,13502
13541,11,0,-3.09,-2.09,173.0,0.0,,,,,,13541
13577,507,65,0.89,4.67,498.85,12.82,,,,,,13577
13795,112,20,6.98,9.04,399.0,17.86,,,,,,13795
13796,4012,440,-1.05,4.98,731.75,10.97,,,,,,13796
13830,1823,182,-0.05,0.54,1170.91,9.98,,,,,,13830
13851,1639,228,-0.47,4.79,605.87,13.91,,,,,,13851
13871,1501,183,-0.25,4.4,661.06,12.19,,,,,,13871
13873,62,8,2.61,10.74,383.97,12.9,,,,,,13873
13891,1742,222,2.03,6.03,559.66,12.74,,,,,,13891
13930,27608,3236,-1.44,3.42,717.4,11.72,,,,,,13930
13931,911,116,0.3,4.88,540.62,12.73,,,,,,13931
13933,62,6,0.18,-1.0,1151.0,9.68,,,,,,13933
13964,36,14,23.92,27.53,499.22,38.89,,,,,,13964
13970,62,7,1.27,1.42,524.45,11.29,,,,,,13970
14006,62,6,-1.98,-2.05,342.0,9.68,,,,,,14006
14025,13,4,18.0,13.77,1334.0,30.77,,,,,,14025
14027,1746,269,-0.77,8.13,892.44,15.41,,,,,,14027
14057,4553,489,-2.6,2.98,1047.19,10.74,,,,,,14057
14098,114,17,-0.35,4.46,508.0,14.91,,,,,,14098
14100,6089,883,-0.75,6.07,1021.6,14.5,,,,,,14100
14107,12932,1585,-0.78,4.98,962.47,12.26,,,,,,14107
14108,475,54,-1.43,3.1,368.96,11.37,,,,,,14108
14109,53,10,4.53,6.43,69.0,18.87,,,,,,14109
14113,57,2,-3.16,-4.44,150.0,3.51,,,,,,14113
14122,2130,213,-2.17,4.07,726.53,10.0,,,,,,14122
14150,62,8,-2.55,3.03,243.0,12.9,,,,,,14150
14193,478,46,-0.43,5.01,399.69,9.62,,,,,,14193
14222,9,2,13.11,15.78,2599.0,22.22,,,,,,14222
14252,210,21,-1.68,2.63,741.54,10.0,,,,,,14252
14254,62,10,2.44,8.66,1398.0,16.13,,,,,,14254
14256,62,17,9.76,10.92,77.0,27.42,,,,,,14256
14262,673,92,1.0,4.15,588.15,13.67,,,,,,14262
14307,1098,145,0.41,5.64,682.92,13.21,,,,,,14307
14321,479,70,0.84,4.71,544.39,14.61,,,,,,14321
14457,236,22,-1.99,1.92,536.1,9.32,,,,,,14457
14487,62,14,6.89,5.27,199.0,22.58,,,,,,14487
14489,200,29,-1.42,1.95,603.58,14.5,,,,,,14489
14492,2999,383,-0.37,5.46,664.78,12.77,,,,,,14492
14520,89,4,-8.63,-1.44,152.69,4.49,,,,,,14520
14524,1647,233,0.55,5.39,526.34,14.15,,,,,,14524
14543,57,6,-10.79,-2.82,260.0,10.53,,,,,,14543
14570,1144,146,0.85,5.29,596.89,12.76,,,,,,14570
14574,223,27,-2.39,0.26,420.2,12.11,,,,,,14574
14576,738,95,0.01,5.48,479.17,12.87,,,,,,14576
14588,92,15,8.73,9.89,435.0,16.3,,,,,,14588
14633,185,15,-6.74,2.52,330.17,8.11,,,,,,14633
14635,1778,206,-3.04,5.41,925.41,11.59,,,,,,14635
14674,93,10,-3.75,1.56,551.0,10.75,,,,,,14674
14679,6207,661,-2.63,5.04,991.92,10.65,,,,,,14679
14683,2626,355,0.63,5.44,696.81,13.52,,,,,,14683
14685,661,77,-1.3,3.38,504.4,11.65,,,,,,14685
14689,564,75,-0.14,2.76,403.45,13.3,,,,,,14689
14696,416,55,2.79,5.31,286.99,13.22,,,,,,14696
14698,249,44,5.32,8.15,214.06,17.67,,,,,,14698
14709,81,6,0.56,1.42,527.78,7.41,,,,,,14709
14711,62,16,7.95,0.82,528.0,25.81,,,,,,14711
14730,844,82,-3.79,2.68,549.11,9.72,,,,,,14730
14747,10385,1453,-0.46,2.3,1245.1,13.99,,,,,,14747
14771,14170,2096,-0.28,7.89,1209.27,14.79,,,,,,14771
14783,529,50,-1.72,3.31,455.97,9.45,,,,,,14783
14794,203,22,4.27,2.72,346.83,10.84,,,,,,14794
14814,555,86,2.57,5.36,351.32,15.5,,,,,,14814
14828,93,19,3.25,2.83,124.33,20.43,,,,,,14828
14831,3482,353,-1.63,3.75,754.67,10.14,,,,,,14831
14842,148,16,-0.43,3.63,229.0,10.81,,,,,,14842
14843,1876,264,-0.65,7.2,1369.24,14.07,,,,,,14843
14869,8764,652,-3.86,1.44,729.97,7.44,,,,,,14869
14893,3618,432,0.46,4.89,686.44,11.94,,,,,,14893
14905,62,9,-1.68,5.76,216.0,14.52,,,,,,14905
14908,3538,329,-3.54,3.49,814.01,9.3,,,,,,14908
14952,150,22,2.24,3.01,347.28,14.67,,,,,,14952
14960,122,10,-2.56,1.38,113.0,8.2,,,,,,14960
14986,306,23,-5.67,3.52,713.5,7.52,,,,,,14986
15016,4310,454,-2.16,4.21,699.35,10.53,,,,,,15016
15024,237,40,0.51,5.44,1012.7,16.88,,,,,,15024
15027,69,9,1.12,3.07,669.51,13.04,,,,,,15027
15041,62,3,-4.87,-0.87,222.0,4.84,,,,,,15041
15048,57,3,-10.46,0.49,436.0,5.26,,,,,,15048
15070,62,19,11.65,14.82,1053.5,30.65,,,,,,15070
15096,639,72,-2.85,2.94,529.33,11.27,,,,,,15096
15249,279,27,-4.05,3.35,354.77,9.68,,,,,,15249
15295,88,2,-15.94,-1.27,213.0,2.27,,,,,,15295
15304,5148,609,-1.56,6.19,842.42,11.83,,,,,,15304
15323,159,11,-3.62,2.77,227.0,6.92,,,,,,15323
15356,277,46,3.34,4.38,721.41,16.61,,,,,,15356
15370,1318,187,0.89,5.37,510.81,14.19,,,,,,15370
15376,1313,164,0.65,5.28,703.94,12.49,,,,,,15376
15380,208,25,-2.2,3.64,219.01,12.02,,,,,,15380
15389,87,6,0.07,-5.86,175.0,6.9,,,,,,15389
15401,88,15,5.52,8.12,181.0,17.05,,,,,,15401
15411,227,25,-0.12,0.93,122.96,11.01,,,,,,15411
15412,629,84,0.44,4.84,518.52,13.35,,,,,,15412
15497,14,2,-10.5,7.21,801.0,14.29,,,,,,15497
15607,88,15,4.0,7.62,208.0,17.05,,,,,,15607
15624,416,41,-1.25,4.46,428.42,9.86,,,,,,15624
15841,62,16,6.82,8.98,56.5,25.81,,,,,,15841
15919,940,146,1.41,4.97,536.62,15.53,,,,,,15919
15991,62,8,-0.35,-1.76,206.0,12.9,,,,,,15991
16218,177,19,-1.64,-0.79,160.0,10.73,,,,,,16218
ABE,2276,424,5.66,8.48,598.19,18.63,Lehigh Valley International Airport,Allentown,PA,40.65236,-75.4404,Lehigh Valley International Airport
ABI,2327,422,3.9,7.71,158.0,18.13,Abilene Regional Airport,Abilene,TX,32.41132,-99.6819,Abilene Regional Airport
ABQ,19188,3921,5.55,10.25,705.91,20.43,Albuquerque International Sunport,Albuquerque,NM,35.04022,-106.60919,Albuquerque International Sunport
ABR,671,74,-3.32,3.28,257.0,11.03,Aberdeen Regional Airport,Aberdeen,SD,45.44906,-98.42183,Aberdeen Regional Airport
ABY,876,192,8.56,9.85,145.0,21.92,Southwest Georgia Regional Airport,Albany,GA,31.53552,-84.19447,Southwest Georgia Regional Airport
ACK,492,93,4.86,8.33,190.26,18.9,Nantucket Memorial Airport,Nantucket,MA,41.25305,-70.06018,Nantucket Memorial Airport
ACT,1611,359,10.18,12.76,89.0,22.28,Waco Regional Airport,Waco,TX,31.61129,-97.23052,Waco Regional Airport
ACV,1319,309,9.29,11.15,250.0,23.43,Arcata Airport,Arcata/Eureka,CA,40.97812,-124.10862,Arcata Airport
ACY,3571,887,11.69,12.71,813.48,24.84,Atlantic City International Airport,Atlantic City,NJ,39.45758,-74.57717,Atlantic City International Airport
ADK,96,12,-2.96,-0.24,1192.0,12.5,Adak Airport,Adak,AK,51.87796,-176.64603,Adak Airport
ADQ,460,46,-0.63,-1.8,253.0,10.0,Kodiak Airport,Kodiak,AK,57.74997,-152.49386,Kodiak Airport
AEX,3146,634,6.05,8.06,341.3,20.15,Alexandria International Airport,Alexandria,LA,31.32737,-92.54856,Alexandria International Airport
AGS,2363,435,6.33,8.83,143.51,18.41,Augusta Regional Airport (Bush Field),Augusta,GA,33.36996,-81.9645,Augusta Regional Airport (Bush Field)
AKN,63,10,2.38,0.24,288.0,15.87,King Salmon Airport,King Salmon,AK,58.6768,-156.64922,King Salmon Airport
ALB,7460,1522,6.47,11.52,742.71,20.4,Albany International Airport,Albany,NY,42.74812,-73.80298,Albany International Airport
ALO,618,127,5.63,11.44,234.0,20.55,Waterloo Regional Airport,Waterloo,IA,42.55708,-92.40034,Waterloo Regional Airport
AMA,4215,826,6.44,8.13,400.47,19.6,Rick Husband Amarillo International Airport,Amarillo,TX,35.21937,-101.70593,Rick Husband Amarillo International Airport
ANC,16001,2790,1.76,5.53,1391.01,17.44,Ted Stevens Anchorage International Airport,Anchorage,AK,61.17432,-149.99619,Ted Stevens Anchorage International Airport
APN,573,80,1.53,6.11,198.0,13.96,Alpena County Regional Airport,Alpena,MI,45.07807,-83.56029,Alpena County Regional Airport
ASE,3561,1029,14.49,16.23,637.03,28.9,Aspen-Pitkin County Airport,Aspen,CO,39.22316,-106.86885,Aspen-Pitkin County Airport
ATL,346904,52078,2.2,8.29,640.21,15.01,Hartsfield-Jackson Atlanta International Airport,Atlanta,GA,33.64044,-84.42694,Hartsfield-Jackson Atlanta International Airport
ATW,2849,476,3.46,5.95,284.86,16.71,Appleton International Airport,Appleton,WI,44.25741,-88.51948,Appleton International Airport
AUS,42078,8720,6.62,11.45,822.75,20.72,Austin-Bergstrom International Airport,Austin,TX,30.19453,-97.66987,Austin-Bergstrom International Airport
AVL,2747,489,6.36,9.59,287.37,17.8,Asheville Regional Airport,Asheville,NC,35.43619,-82.54181,Asheville Regional Airport
AVP,1359,324,9.55,10.07,550.08,23.84,Wilkes-Barre/Scranton International Airport,Wilkes-Barre/Scranton,PA,41.33815,-75.72427,Wilkes-Barre/Scranton International Airport
AZO,1846,294,1.19,7.54,144.78,15.93,Kalamazoo/Battle Creek International Airport,Kalamazoo,MI,42.23488,-85.55206,Kalamazoo/Battle Creek International Airport
BDL,18797,3864,6.46,12.09,841.63,20.56,Bradley International Airport,Windsor Locks,CT,41.93887,-72.68323,Bradley International Airport
BET,896,113,2.73,1.64,399.0,12.61,Bethel Airport,Bethel,AK,60.77978,-161.838,Bethel Airport
BFL,2636,485,5.4,7.74,662.19,18.4,Meadows Field,Bakersfield,CA,35.4336,-119.05677,Meadows Field
BGM,264,38,4.12,7.15,378.0,14.39,Greater Binghamton Airport,Binghamton,NY,42.20848,-75.97961,Greater Binghamton Airport
BGR,368,54,2.19,6.58,693.39,14.67,Bangor International Airport,Bangor,ME,44.80744,-68.82814,Bangor International Airport
BHM,12514,2387,5.52,9.55,515.05,19.07,Birmingham-Shuttlesworth International Airport,Birmingham,AL,33.56294,-86.75355,Birmingham-Shuttlesworth International Airport
BIL,2870,447,1.77,6.3,506.25,15.57,Billings Logan International Airport,Billings,MT,45.80766,-108.54286,Billings Logan International Airport
BIS,3455,652,4.75,7.42,523.29,18.87,Bismarck Municipal Airport,Bismarck,ND,46.77411,-100.74672,Bismarck Municipal Airport
BJI,667,58,-1.79,3.61,199.0,8.7,Bemidji Regional Airport,Bemidji,MN,47.50942,-94.93372,Bemidji Regional Airport
BLI,711,75,-6.72,-0.45,1256.24,10.55,Bellingham International Airport,Bellingham,WA,48.79275,-122.53753,Bellingham International Airport
BMI,2731,581,6.97,11.28,414.39,21.27,Central Illinois Regional Airport at Bloomington-Normal,Bloomington,IL,40.47799,-88.91595,Central Illinois Regional Airport at Bloomington-Normal
BNA,47568,8526,4.22,9.62,658.41,17.92,Nashville International Airport,Nashville,TN,36.12448,-86.67818,Nashville International Airport
BOI,11656,2365,5.89,10.04,634.96,20.29,Boise Airport (Boise Air Terminal),Boise,ID,43.56444,-116.22278,Boise Airport (Boise Air Terminal)
BOS,107851,22775,6.09,10.92,977.99,21.12,Gen. Edward Lawrence Logan International Airport,Boston,MA,42.36435,-71.00518,Gen. Edward Lawrence Logan International Airport
BPT,973,271,13.76,11.72,270.0,27.85,Jack Brooks Regional Airport (Southeast Texas Regional),Beaumont/Port Arthur,TX,29.95083,-94.02069,Jack Brooks Regional Airport (Southeast Texas Regional)
BQK,879,159,5.8,8.38,237.8,18.09,Brunswick Golden Isles Airport,Brunswick,GA,31.25903,-81.46631,Brunswick Golden Isles Airport
BQN,1343,387,12.06,17.27,1358.22,28.82,Rafael Hernández Airport,Aguadilla,PR,18.49486,-67.12944,Rafael Hernández Airport
BRD,590,45,-3.57,3.57,114.13,7.63,Brainerd Lakes Regional Airport,Brainerd,MN,46.39786,-94.13723,Brainerd Lakes Regional Airport
BRO,2364,408,4.29,6.81,386.09,17.26,Brownsville/South Padre Island International Airport,Brownsville,TX,25.90683,-97.42586,Brownsville/South Padre Island International Airport
BRW,855,124,3.89,3.31,319.17,14.5,Wiley Post-Will Rogers Memorial Airport,Barrow,AK,71.28545,-156.766,Wiley Post-Will Rogers Memorial Airport
BTM,668,41,-3.8,-1.86,357.62,6.14,Bert Mooney Airport,Butte,MT,45.9548,-112.49746,Bert Mooney Airport
BTR,7168,1533,8.83,10.14,363.79,21.39,Baton Rouge Metropolitan Airport,Baton Rouge,LA,30.53316,-91.14963,Baton Rouge Metropolitan Airport
BTV,2976,676,8.72,12.69,470.64,22.72,Burlington International Airport,Burlington,VT,44.473,-73.15031,Burlington International Airport
BUF,16829,3340,5.29,10.88,602.84,19.85,Buffalo Niagara International Airport,Buffalo,NY,42.94052,-78.73217,Buffalo Niagara International Airport
BUR,18890,3045,4.51,7.7,454.56,16.12,Bob Hope Airport (Hollywood Burbank Airport),Burbank,CA,34.20062,-118.3585,Bob Hope Airport (Hollywood Burbank Airport)
BWI,86085,15406,3.53,9.96,765.74,17.9,Baltimore-Washington International Airport,Baltimore,MD,39.1754,-76.6682,Baltimore-Washington International Airport
BZN,3605,585,2.69,8.11,672.53,16.23,Bozeman Yellowstone International Airport (Gallatin Field Airport),Bozeman,MT,45.7769,-111.15301,Bozeman Yellowstone International Airport (Gallatin Field Airport)
CAE,5148,1099,9.28,11.26,464.61,21.35,Columbia Metropolitan Airport,Columbia,SC,33.93884,-81.11954,Columbia Metropolitan Airport
CAK,6098,1095,5.0,10.96,562.77,17.96,Akron-Canton Regional Airport,Akron,OH,40.91631,-81.44247,Akron-Canton Regional Airport
CDC,573,79,7.24,-0.96,221.0,13.79,Cedar City Regional Airport,Cedar City,UT,37.70097,-113.09858,Cedar City Regional Airport
CDV,662,87,0.88,0.21,186.5,13.14,Merle K. (Mudhole) Smith Airport,Cordova,AK,60.49183,-145.47765,Merle K. (Mudhole) Smith Airport
CEC,190,39,3.94,11.33,304.0,20.53,Del Norte County Airport (Jack McNamara Field),Crescent City,CA,41.78016,-124.23653,Del Norte County Airport (Jack McNamara Field)
CHA,4204,815,6.13,9.17,273.56,19.39,Chattanooga Metropolitan Airport (Lovell Field),Chattanooga,TN,35.03527,-85.20379,Chattanooga Metropolitan Airport (Lovell Field)
CHO,2204,512,10.28,13.67,473.05,23.23,Charlottesville-Albemarle Airport,Charlottesville,VA,38.13864,-78.45286,Charlottesville-Albemarle Airport
CHS,11819,2092,3.96,8.31,549.69,17.7,Charleston International Airport/Charleston AFB,Charleston,SC,32.89865,-80.04051,Charleston International Airport/Charleston AFB
CID,6833,1455,7.22,11.14,409.85,21.29,The Eastern Iowa Airport,Cedar Rapids,IA,41.88459,-91.71087,The Eastern Iowa Airport
CIU,614,100,5.46,7.9,283.62,16.29,Chippewa County International Airport,Sault Ste. Marie,MI,46.25075,-84.47239,Chippewa County International Airport
CLD,640,92,4.3,5.26,86.0,14.37,McClellan-Palomar Airport,San Diego,CA,33.12723,-117.27873,McClellan-Palomar Airport
CLE,34580,6570,4.47,10.5,700.78,19.0,Cleveland Hopkins International Airport,Cleveland,OH,41.41089,-81.8494,Cleveland Hopkins International Airport
CLL,2309,351,1.53,4.72,136.84,15.2,Easterwood Airport,College Station,TX,30.58859,-96.36382,Easterwood Airport
CLT,100322,15651,2.04,5.17,727.95,15.6,Charlotte Douglas International Airport,Charlotte,NC,35.21401,-80.94313,Charlotte Douglas International Airport
CMH,24183,4777,5.16,10.34,672.36,19.75,Port Columbus International Airport,Columbus,OH,39.99799,-82.89188,Port Columbus International Airport
CMI,2115,399,3.47,10.27,222.48,18.87,University of Illinois - Willard Airport,Champaign/Urbana,IL,40.03925,-88.27806,University of Illinois - Willard Airport
CMX,667,126,3.88,7.57,359.18,18.89,Houghton County Memorial Airport,Hancock,MI,47.16842,-88.48906,Houghton County Memorial Airport
CNY,206,7,-11.52,-2.96,184.0,3.4,Canyonlands Field,Moab,UT,38.75496,-109.75484,Canyonlands Field
COD,665,99,4.06,5.21,352.29,14.89,Yellowstone Regional Airport,Cody,WY,44.52019,-109.0238,Yellowstone Regional Airport
COS,6882,1638,9.97,12.33,565.06,23.8,City of Colorado Springs Municipal Airport,Colorado Springs,CO,38.80581,-104.70025,City of Colorado Springs Municipal Airport
COU,1308,323,10.39,16.06,402.8,24.69,Columbia Regional Airport,Columbia,MO,38.81809,-92.21963,Columbia Regional Airport
CPR,1772,226,-0.82,2.51,271.55,12.75,Natrona County International Airport,Casper,WY,42.90836,-106.46447,Natrona County International Airport
CRP,4881,1089,8.8,9.48,244.31,22.31,Corpus Christi International Airport,Corpus Christi,TX,27.77036,-97.50122,Corpus Christi International Airport
CRW,2386,484,7.84,9.77,484.02,20.28,Yeager Airport,Charleston,WV,38.37315,-81.59319,Yeager Airport
CSG,1067,224,8.36,9.07,83.0,20.99,Columbus Metropolitan Airport,Columbus,GA,32.51633,-84.93886,Columbus Metropolitan Airport
CVG,20027,3898,6.05,9.21,694.82,19.46,Cincinnati/Northern Kentucky International Airport,Covington,KY,39.04614,-84.66217,Cincinnati/Northern Kentucky International Airport
CWA,1420,297,7.98,11.04,211.47,20.92,Central Wisconsin Airport,Mosinee,WI,44.77762,-89.66678,Central Wisconsin Airport
DAB,1494,216,2.04,7.51,366.17,14.46,Daytona Beach International Airport,Daytona Beach,FL,29.17992,-81.05806,Daytona Beach International Airport
DAL,59703,10720,4.0,9.41,670.76,17.96,Dallas Love Field,Dallas,TX,32.84711,-96.85177,Dallas Love Field
DAY,8672,1645,5.45,9.59,485.58,18.97,James M. Cox Dayton International Airport,Dayton,OH,39.90238,-84.21938,James M. Cox Dayton International Airport
DBQ,928,172,3.15,8.43,147.0,18.53,Dubuque Regional Airport,Dubuque,IA,42.40296,-90.70917,Dubuque Regional Airport
DCA,73799,13753,3.94,8.19,767.04,18.64,Ronald Reagan Washington National Airport,Arlington,VA,38.85208,-77.03772,Ronald Reagan Washington National Airport
DEN,196010,38023,5.01,10.57,874.04,19.4,Denver International Airport,Denver,CO,39.85841,-104.667,Denver International Airport
DFW,239582,44162,5.67,9.75,784.64,18.43,Dallas/Fort Worth International Airport,Dallas-Fort Worth,TX,32.89595,-97.0372,Dallas/Fort Worth International Airport
DHN,1260,244,5.66,7.33,170.0,19.37,Dothan Regional Airport,Dothan,AL,31.32134,-85.44963,Dothan Regional Airport
DIK,937,110,-2.78,2.89,483.54,11.74,Dickinson Theodore Roosevelt Regional Airport,Dickinson,ND,46.79739,-102.80195,Dickinson Theodore Roosevelt Regional Airport
DLG,77,4,-4.19,-5.53,329.0,5.19,Dillingham Airport,Dillingham,AK,59.04541,-158.50334,Dillingham Airport
DLH,1721,286,4.16,7.77,306.23,16.62,Duluth International Airport,Duluth,MN,46.84209,-92.19365,Duluth International Airport
DRO,2068,325,1.64,5.58,448.21,15.72,Durango-La Plata County Airport,Durango,CO,37.15152,-107.75377,Durango-La Plata County Airport
DSM,8388,1811,7.2,11.49,527.71,21.59,Des Moines International Airport,Des Moines,IA,41.53493,-93.66068,Des Moines International Airport
DTW,108398,17802,3.66,8.63,703.39,16.42,Detroit Metropolitan Airport,Detroit,MI,42.21206,-83.34884,Detroit Metropolitan Airport
DVL,526,84,-0.3,0.58,83.0,15.97,Devils Lake Regional Airport,Devils Lake,ND,48.11425,-98.90878,Devils Lake Regional Airport
EAU,668,136,6.64,8.59,268.18,20.36,Chippewa Valley Regional Airport,Eau Claire,WI,44.86526,-91.48507,Chippewa Valley Regional Airport
ECP,4173,663,3.03,7.99,404.22,15.89,Northwest Florida Beaches International Airport,Panama City,FL,,,Northwest Florida Beaches International Airport
EGE,1243,268,9.79,16.49,1107.08,21.56,Eagle County Regional Airport,Eagle,CO,39.64257,-106.9177,Eagle County Regional Airport
EKO,531,44,1.32,-1.36,200.0,8.29,Elko Regional Airport,Elko,NV,40.82493,-115.7917,Elko Regional Airport
ELM,2052,415,7.41,8.16,403.92,20.22,Elmira/Corning Regional Airport,Elmira,NY,42.15991,-76.89144,Elmira/Corning Regional Airport
ELP,11976,2602,7.15,11.02,637.56,21.73,El Paso International Airport,El Paso,TX,31.80667,-106.37781,El Paso International Airport
ERI,746,135,5.44,8.2,364.12,18.1,Erie International Airport,Erie,PA,42.08202,-80.17622,Erie International Airport
ESC,573,75,1.11,5.81,306.0,13.09,Delta County Airport,Escanaba,MI,45.72267,-87.09373,Delta County Airport
EUG,3631,665,4.52,8.72,616.11,18.31,Eugene Airport (Mahlon Sweet Field),Eugene,OR,44.12326,-123.21869,Eugene Airport (Mahlon Sweet Field)
EVV,3833,660,2.7,8.19,344.82,17.22,Evansville Regional Airport,Evansville,IN,38.03799,-87.53063,Evansville Regional Airport
EWN,575,132,8.12,8.7,433.0,22.96,Coastal Carolina Regional Airport (Craven County Regional),New Bern,NC,35.07297,-77.04294,Coastal Carolina Regional Airport (Craven County Regional)
EWR,101830,22051,7.2,13.76,1087.85,21.65,Newark Liberty International Airport,Newark,NJ,40.6925,-74.16866,Newark Liberty International Airport
EYW,1973,293,5.49,9.35,501.31,14.85,Key West International Airport,Key West,FL,24.55611,-81.75956,Key West International Airport
FAI,2183,384,2.07,5.23,1276.8,17.59,Fairbanks International Airport,Fairbanks,AK,64.81368,-147.85967,Fairbanks International Airport
FAR,5693,1082,5.76,9.45,514.84,19.01,Hector International Airport,Fargo,ND,46.91935,-96.81499,Hector International Airport
FAT,7017,1387,7.54,9.29,522.14,19.77,Fresno Yosemite International Airport,Fresno,CA,36.77619,-119.71814,Fresno Yosemite International Airport
FAY,1634,263,5.35,8.14,331.0,16.1,Fayetteville Regional Airport,Fayetteville,NC,34.99147,-78.88,Fayetteville Regional Airport
FCA,2024,308,1.26,4.75,734.77,15.22,Glacier Park International Airport,Kalispell,MT,48.3114,-114.25507,Glacier Park International Airport
FLG,1660,256,5.04,4.99,119.0,15.42,Flagstaff Pulliam Airport,Flagstaff,AZ,35.13845,-111.67122,Flagstaff Pulliam Airport
FLL,73599,15620,5.5,11.36,1052.28,21.22,Fort Lauderdale-Hollywood International Airport,Ft. Lauderdale,FL,26.07258,-80.15275,Fort Lauderdale-Hollywood International Airport
FNT,4746,848,4.32,9.72,570.29,17.87,Bishop International Airport,Flint,MI,42.9655,-83.74346,Bishop International Airport
FSD,5329,1209,8.79,10.54,451.97,22.69,Sioux Falls Regional Airport,Sioux Falls,SD,43.58135,-96.7417,Sioux Falls Regional Airport
FSM,1970,458,10.0,11.45,347.07,23.25,Fort Smith Regional Airport,Fort Smith,AR,35.33659,-94.36744,Fort Smith Regional Airport
FWA,5262,989,5.4,8.76,327.14,18.8,Fort Wayne International Airport,Fort Wayne,IN,40.97847,-85.19515,Fort Wayne International Airport
GCC,995,128,-2.69,2.54,344.15,12.86,Gillette-Campbell County Airport,Gillette,WY,44.3489,-105.53936,Gillette-Campbell County Airport
GCK,662,123,4.67,7.86,404.0,18.58,Garden City Regional Airport,Garden City,KS,37.92752,-100.72441,Garden City Regional Airport
GEG,9504,1615,3.42,8.09,602.6,16.99,Spokane International Airport,Spokane,WA,47.61986,-117.53384,Spokane International Airport
GFK,718,92,2.38,4.36,284.0,12.81,Grand Forks International Airport,Grand Forks,ND,47.94926,-97.17611,Grand Forks International Airport
GGG,643,106,3.87,5.47,140.0,16.49,East Texas Regional Airport,Longview,TX,32.38486,-94.71171,East Texas Regional Airport
GJT,3179,460,2.14,4.73,497.38,14.47,Grand Junction Regional Airport (Walker Field),Grand Junction,CO,39.12241,-108.52673,Grand Junction Regional Airport (Walker Field)
GNV,2682,559,8.14,9.16,298.67,20.84,Gainesville Regional Airport,Gainesville,FL,29.69006,-82.27178,Gainesville Regional Airport
GPT,3604,639,4.73,7.29,398.68,17.73,Gulfport-Biloxi International Airport,Gulfport-Biloxi,MS,30.40728,-89.07009,Gulfport-Biloxi International Airport
GRB,4883,829,4.11,8.05,255.23,16.98,Green Bay-Austin Straubel International Airport,Green Bay,WI,44.48507,-88.12959,Green Bay-Austin Straubel International Airport
GRI,634,93,1.07,8.35,561.0,14.67,Central Nebraska Regional Airport,Grand Island,NE,40.96747,-98.30861,Central Nebraska Regional Airport
GRK,4033,769,5.47,8.91,239.47,19.07,Killeen-Fort Hood Regional Airport,Killeen,TX,31.0649,-97.8278,Killeen-Fort Hood Regional Airport
GRR,10840,2089,5.79,10.31,468.91,19.27,Gerald R. Ford International Airport,Grand Rapids,MI,42.88082,-85.52277,Gerald R. Ford International Airport
GSO,6734,1343,6.78,10.56,461.51,19.94,Piedmont Triad International Airport,Greensboro,NC,36.09775,-79.9373,Piedmont Triad International Airport
GSP,6542,1244,5.23,8.32,460.18,19.02,Greenville-Spartanburg International Airport,Greer,SC,34.89567,-82.21886,Greenville-Spartanburg International Airport
GST,77,19,10.42,4.51,41.0,24.68,Gustavus Airport,Gustavus,AK,58.42438,-135.70738,Gustavus Airport
GTF,1966,242,0.18,3.51,592.16,12.31,Great Falls International Airport,Great Falls,MT,47.482,-111.37069,Great Falls International Airport
GTR,927,157,4.44,7.35,241.0,16.94,Golden Triangle Regional Airport,Columbus-Starkville-West Point,MS,33.45033,-88.59137,Golden Triangle Regional Airport
GUC,495,131,10.06,12.13,426.62,26.46,Gunnison-Crested Butte Regional Airport,Gunnison,CO,38.53396,-106.93318,Gunnison-Crested Butte Regional Airport
GUM,334,103,17.16,22.63,3801.0,30.84,Guam International Airport,Agana,GU,13.48345,-144.79598,Guam International Airport
HDN,703,154,5.56,12.45,878.46,21.91,Yampa Valley Airport (Yampa Valley Regional),Hayden,CO,40.48118,-107.21766,Yampa Valley Airport (Yampa Valley Regional)
HIB,897,91,-0.02,1.82,141.72,10.14,Range Regional Airport (Chisholm-Hibbing Airport),Hibbing,MN,47.3866,-92.83899,Range Regional Airport (Chisholm-Hibbing Airport)
HLN,1434,167,-1.14,2.82,528.68,11.65,Helena Regional Airport,Helena,MT,46.60682,-111.98275,Helena Regional Airport
HNL,43157,7057,4.78,4.94,1272.16,16.35,Honolulu International Airport,Honolulu,HI,21.31869,-157.92241,Honolulu International Airport
HOB,571,87,2.88,3.36,501.0,15.24,Lea County Regional Airport,Hobbs,NM,32.68753,-103.21703,Lea County Regional Airport
HOU,52041,9581,4.0,10.22,712.14,18.41,William P. Hobby Airport,Houston,TX,29.64542,-95.27889,William P. Hobby Airport
HPN,7459,1726,8.6,12.95,889.28,23.14,Westchester County Airport,White Plains,NY,41.06696,-73.70757,Westchester County Airport
HRL,3084,523,4.36,6.58,283.49,16.96,Valley International Airport,Harlingen,TX,26.22851,-97.65439,Valley International Airport
HSV,4522,782,4.52,8.15,355.64,17.29,Huntsville International Airport,Huntsville,AL,34.64045,-86.77311,Huntsville International Airport
HYA,83,12,3.47,4.39,196.0,14.46,Barnstable Municipal Airport,Hyannis,MA,41.66934,-70.28036,Barnstable Municipal Airport
HYS,573,89,-3.22,4.1,298.07,15.53,Hays Regional Airport,Hays,KS,38.84494,-99.27403,Hays Regional Airport
IAD,34282,6343,3.86,11.89,1284.3,18.5,Washington Dulles International Airport,Chantilly,VA,38.94453,-77.45581,Washington Dulles International Airport
IAG,322,77,9.55,10.18,986.51,23.91,Niagara Falls International Airport,Niagara Falls,NY,43.10726,-78.94538,Niagara Falls International Airport
IAH,146683,27995,5.53,9.44,823.24,19.09,George Bush Intercontinental Airport,Houston,TX,29.98047,-95.33972,George Bush Intercontinental Airport
ICT,8097,1701,6.46,9.96,560.66,21.01,Wichita Dwight D. Eisenhower National Airport (Wichita Mid-Continent Airport),Wichita,KS,37.64996,-97.43305,Wichita Dwight D. Eisenhower National Airport (Wichita Mid-Continent Airport)
IDA,2247,319,1.32,3.96,303.1,14.2,Idaho Falls Regional Airport,Idaho Falls,ID,43.51456,-112.07017,Idaho Falls Regional Airport
ILG,98,30,21.32,20.04,861.12,30.61,Wilmington Airport,Wilmington,DE,39.67872,-75.60653,Wilmington Airport
ILM,1861,294,4.54,7.09,366.04,15.8,Wilmington International Airport,Wilmington,NC,34.27061,-77.90256,Wilmington International Airport
IMT,621,67,-7.47,-1.52,169.19,10.79,Ford Airport,Iron Mountain/Kingsford,MI,45.81835,-88.11454,Ford Airport
IND,25557,4767,4.83,10.15,725.46,18.65,Indianapolis International Airport,Indianapolis,IN,39.71733,-86.29438,Indianapolis International Airport
INL,574,72,-5.34,1.54,157.78,12.54,Falls International Airport,International Falls,MN,48.56619,-93.40307,Falls International Airport
ISN,2542,392,0.81,5.27,658.67,15.42,Sloulin Field International Airport,Williston,ND,48.17794,-103.64235,Sloulin Field International Airport
ISP,4392,954,8.89,13.83,742.94,21.72,Long Island MacArthur Airport,Islip,NY,40.79524,-73.10021,Long Island MacArthur Airport
ITH,35,7,3.74,9.23,353.0,20.0,Ithaca Tompkins Regional Airport,Ithaca,NY,42.49103,-76.45844,Ithaca Tompkins Regional Airport
ITO,5723,512,1.41,0.14,306.75,8.95,Hilo International Airport,Hilo,HI,19.72026,-155.04847,Hilo International Airport
JAC,3510,699,7.09,12.74,651.46,19.91,Jackson Hole Airport,Jackson,WY,43.60732,-110.73774,Jackson Hole Airport
JAN,7098,1305,5.58,8.21,392.62,18.39,Jackson-Evers International Airport,Jackson,MS,32.31117,-90.07589,Jackson-Evers International Airport
JAX,18040,3612,5.75,9.49,582.17,20.02,Jacksonville International Airport,Jacksonville,FL,30.49406,-81.68786,Jacksonville International Airport
JFK,93809,20294,6.54,14.01,1441.89,21.63,John F. Kennedy International Airport (New York International Airport),New York,NY,40.63975,-73.77893,John F. Kennedy International Airport (New York International Airport)
JLN,666,149,9.3,12.85,327.0,22.37,Joplin Regional Airport,Joplin,MO,37.15181,-94.49827,Joplin Regional Airport
JMS,814,128,3.34,7.27,399.9,15.72,Jamestown Regional Airport,Jamestown,ND,46.92972,-98.6782,Jamestown Regional Airport
JNU,4096,618,2.41,2.36,499.66,15.09,Juneau International Airport,Juneau,AK,58.35496,-134.57628,Juneau International Airport
KOA,11113,1208,0.25,1.99,995.28,10.87,Kona International Airport at Keahole,Kailua/Kona,HI,19.73877,-156.04563,Kona International Airport at Keahole
KTN,2320,391,4.31,4.36,458.66,16.85,Ketchikan International Airport,Ketchikan,AK,55.35557,-131.71374,Ketchikan International Airport
LAN,1848,312,4.72,7.29,234.49,16.88,Capital Region International Airport ( Lansing Capital City),Lansing,MI,42.7787,-84.58736,Capital Region International Airport ( Lansing Capital City)
LAR,582,81,-1.86,4.57,113.63,13.92,Laramie Regional Airport,Laramie,WY,41.31205,-105.67499,Laramie Regional Airport
LAS,133198,24496,3.58,9.66,997.87,18.39,McCarran International Airport,Las Vegas,NV,36.08036,-115.15233,McCarran International Airport
LAW,1330,248,6.3,9.27,140.0,18.65,Lawton-Fort Sill Regional Airport,Lawton,OK,34.56771,-98.41664,Lawton-Fort Sill Regional Airport
LAX,194696,43453,6.03,10.71,1248.55,22.32,Los Angeles International Airport,Los Angeles,CA,33.94254,-118.40807,Los Angeles International Airport
LBB,4636,984,7.7,8.96,389.32,21.23,Lubbock Preston Smith International Airport,Lubbock,TX,33.66364,-101.82278,Lubbock Preston Smith International Airport
LBE,1280,323,10.82,14.19,922.66,25.23,Arnold Palmer Regional Airport,Latrobe,PA,40.27594,-79.4048,Arnold Palmer Regional Airport
LCH,1859,297,2.51,5.49,197.67,15.98,Lake Charles Regional Airport,Lake Charles,LA,30.1261,-93.2234,Lake Charles Regional Airport
LEX,5982,1009,3.95,7.63,404.67,16.87,Blue Grass Airport,Lexington,KY,38.03697,-84.60539,Blue Grass Airport
LFT,5147,922,5.48,7.09,345.65,17.91,Lafayette Regional Airport,Lafayette,LA,30.20528,-91.98766,Lafayette Regional Airport
LGA,99581,24819,9.87,13.81,797.22,24.92,LaGuardia Airport (Marine Air Terminal),New York,NY,40.77724,-73.87261,LaGuardia Airport (Marine Air Terminal)
LGB,8778,1419,3.42,7.26,781.69,16.17,Long Beach Airport (Daugherty Field),Long Beach,CA,33.81772,-118.15161,Long Beach Airport (Daugherty Field)
LIH,10545,1081,0.37,1.69,925.35,10.25,Lihue Airport,Lihue,HI,21.97598,-159.33896,Lihue Airport
LIT,10417,2228,6.72,10.64,520.77,21.39,Bill and Hillary Clinton National Airport (Adams Field),Little Rock,AR,34.7294,-92.22425,Bill and Hillary Clinton National Airport (Adams Field)
LNK,2637,552,7.64,8.74,480.01,20.93,Lincoln Airport (Lincoln Municipal),Lincoln,NE,40.85097,-96.75925,Lincoln Airport (Lincoln Municipal)
LRD,2202,365,3.02,5.09,356.27,16.58,Laredo International Airport,Laredo,TX,27.54374,-99.46154,Laredo International Airport
LSE,1646,264,1.77,7.08,186.25,16.04,La Crosse Regional Airport,La Crosse,WI,43.87938,-91.25654,La Crosse Regional Airport
LWS,587,24,-6.53,-2.25,461.0,4.09,Lewiston-Nez Perce County Airport,Lewiston,ID,46.3745,-117.01539,Lewiston-Nez Perce County Airport
MAF,7522,1593,7.49,8.84,436.47,21.18,Midland International Airport,Midland,TX,31.94253,-102.20191,Midland International Airport
MBS,1720,339,5.82,8.35,205.66,19.71,MBS International Airport,Saginaw,MI,43.53291,-84.07965,MBS International Airport
MCI,38655,7493,5.09,10.28,731.45,19.38,Kansas City International Airport,Kansas City,MO,39.29761,-94.71391,Kansas City International Airport
MCO,110980,22368,5.33,10.62,952.99,20.15,Orlando International Airport,Orlando,FL,28.42889,-81.31603,Orlando International Airport
MDT,3286,578,4.66,10.64,566.21,17.59,Harrisburg International Airport,Harrisburg,PA,40.1935,-76.7634,Harrisburg International Airport
MDW,80884,13752,2.9,10.04,802.47,17.0,Chicago Midway International Airport,Chicago,IL,41.78598,-87.75242,Chicago Midway International Airport
MEI,908,178,9.44,10.85,332.04,19.6,Meridian Regional Airport,Meridian,MS,32.33313,-88.75121,Meridian Regional Airport
MEM,14769,2880,5.15,9.46,555.76,19.5,Memphis International Airport,Memphis,TN,35.04242,-89.97667,Memphis International Airport
MFE,3407,675,6.65,10.16,381.12,19.81,McAllen-Miller International Airport (McAllen Miller International),McAllen,TX,26.17583,-98.23861,McAllen-Miller International Airport (McAllen Miller International)
MFR,2471,472,4.66,8.54,528.15,19.1,Rogue Valley International Airport,Medford,OR,42.37423,-122.8735,Rogue Valley International Airport
MGM,3171,692,8.19,9.9,292.15,21.82,Montgomery Regional Airport,Montgomery,AL,32.30064,-86.39398,Montgomery Regional Airport
MHK,1634,301,4.59,9.42,458.8,18.42,Manhattan Regional Airport,Manhattan,KS,39.14097,-96.67083,Manhattan Regional Airport
MHT,6292,1297,6.99,11.79,646.99,20.61,Manchester-Boston Regional Airport,Manchester,NH,42.93452,-71.43706,Manchester-Boston Regional Airport
MIA,69324,14174,5.82,9.86,1060.02,20.45,Miami International Airport,Miami,FL,25.79325,-80.29056,Miami International Airport
MKE,29833,5359,3.64,9.35,692.58,17.96,General Mitchell International Airport,Milwaukee,WI,42.94722,-87.89658,General Mitchell International Airport
MKG,667,133,6.12,8.2,118.0,19.94,Muskegon County Airport,Muskegon,MI,43.16949,-86.23822,Muskegon County Airport
MLB,1332,208,2.75,7.37,442.0,15.62,Melbourne International Airport,Melbourne,FL,28.10275,-80.64581,Melbourne International Airport
MLI,3777,825,6.54,9.64,422.03,21.84,Quad City International Airport,Moline,IL,41.44853,-90.50754,Quad City International Airport
MLU,2962,558,6.55,8.32,348.01,18.84,Monroe Regional Airport,Monroe,LA,32.51087,-92.03769,Monroe Regional Airport
MMH,156,33,7.97,8.15,230.63,21.15,Mammoth Yosemite Airport,Mammoth Lakes,CA,37.62405,-118.83777,Mammoth Yosemite Airport
MOB,5017,985,7.1,7.78,412.48,19.63,Mobile Regional Airport,Mobile,AL,30.69142,-88.24283,Mobile Regional Airport
MOT,1850,323,4.11,5.94,534.46,17.46,Minot International Airport,Minot,ND,48.25938,-101.28033,Minot International Airport
MQT,305,87,15.68,19.49,305.87,28.52,Sawyer International Airport,Marquette,MI,46.35364,-87.39536,Sawyer International Airport
MRY,2974,539,5.11,6.74,284.36,18.12,Monterey Regional Airport (Monterey Peninsula Airport),Monterey,CA,36.58698,-121.84295,Monterey Regional Airport (Monterey Peninsula Airport)
MSN,9129,1620,3.98,8.32,408.03,17.75,Dane County Regional Airport,Madison,WI,43.13986,-89.33751,Dane County Regional Airport
MSO,2077,268,-0.56,4.44,638.72,12.9,Missoula International Airport,Missoula,MT,46.91631,-114.09056,Missoula International Airport
MSP,112128,19004,3.34,7.85,808.49,16.95,Minneapolis-Saint Paul International Airport,Minneapolis,MN,44.88055,-93.21692,Minneapolis-Saint Paul International Airport
MSY,38802,7047,3.99,10.1,734.39,18.16,Louis Armstrong New Orleans International Airport,New Orleans,LA,29.99339,-90.25803,Louis Armstrong New Orleans International Airport
MTJ,999,237,8.48,11.85,595.62,23.72,Montrose Regional Airport,Montrose,CO,38.50887,-107.89383,Montrose Regional Airport
MVY,205,39,1.79,9.7,130.8,19.02,Martha's Vineyard Airport,Marthas Vineyard,MA,41.39303,-70.61433,Martha's Vineyard Airport
MYR,4830,982,7.67,9.88,501.42,20.33,Myrtle Beach International Airport,Myrtle Beach,SC,33.67975,-78.92833,Myrtle Beach International Airport
OAJ,1136,228,9.88,10.76,399.0,20.07,Albert J. Ellis Airport,Jacksonville,NC,34.82916,-77.61214,Albert J. Ellis Airport
OAK,42313,7958,4.64,10.24,711.65,18.81,Oakland International Airport,Oakland,CA,37.72129,-122.22072,Oakland International Airport
OGG,20638,2743,2.59,3.15,1255.77,13.29,Kahului Airport,Kahului,HI,20.89865,-156.43046,Kahului Airport
OKC,16147,3471,7.08,11.43,594.51,21.5,Will Rogers World Airport,Oklahoma City,OK,35.39309,-97.60073,Will Rogers World Airport
OMA,16752,3237,5.04,9.8,651.1,19.32,Eppley Airfield,Omaha,NE,41.30252,-95.89417,Eppley Airfield
OME,663,120,5.96,4.06,386.51,18.1,Nome Airport,Nome,AK,64.5122,-165.44525,Nome Airport
ONT,17979,3626,6.35,9.82,549.41,20.17,Ontario International Airport,Ontario,CA,34.056,-117.60119,Ontario International Airport
ORD,285906,58887,6.99,10.91,718.59,20.6,Chicago O'Hare International Airport,Chicago,IL,41.9796,-87.90446,Chicago O'Hare International Airport
ORF,9375,1831,5.93,10.78,537.62,19.53,Norfolk International Airport,Norfolk,VA,36.89461,-76.20122,Norfolk International Airport
ORH,668,91,0.47,4.03,1151.0,13.62,Worcester Regional Airport,Worcester,MA,42.26734,-71.87571,Worcester Regional Airport
OTH,275,80,16.19,16.6,473.66,29.09,Southwest Oregon Regional Airport (North Bend Municipal),North Bend,OR,43.41714,-124.24603,Southwest Oregon Regional Airport (North Bend Municipal)
OTZ,663,96,2.7,2.09,522.13,14.48,Ralph Wien Memorial Airport,Kotzebue,AK,66.88468,-162.59855,Ralph Wien Memorial Airport
PAH,666,133,5.71,8.53,342.0,19.97,Barkley Regional Airport,Paducah,KY,37.06083,-88.77375,Barkley Regional Airport
PBG,282,91,15.23,17.09,1239.41,32.27,Plattsburgh International Airport,Plattsburgh,NY,,,Plattsburgh International Airport
PBI,22574,5142,6.75,11.92,916.4,22.78,Palm Beach International Airport,West Palm Beach,FL,26.68316,-80.09559,Palm Beach International Airport
PDX,47081,7544,1.66,7.66,1090.59,16.02,Portland International Airport,Portland,OR,45.58872,-122.5975,Portland International Airport
PHF,1264,261,7.42,11.53,510.15,20.65,Newport News/Williamsburg International Airport,Newport News,VA,37.1319,-76.49299,Newport News/Williamsburg International Airport
PHL,66017,13504,5.04,10.09,1058.33,20.46,Philadelphia International Airport,Philadelphia,PA,39.87195,-75.24114,Philadelphia International Airport
PHX,146812,24615,2.88,7.54,966.83,16.77,Phoenix Sky Harbor International Airport,Phoenix,AZ,33.43417,-112.00806,Phoenix Sky Harbor International Airport
PIA,4667,804,3.33,7.17,378.59,17.23,General Wayne A. Downing Peoria International Airport,Peoria,IL,40.66424,-89.69331,General Wayne A. Downing Peoria International Airport
PIB,573,123,3.95,4.0,69.0,21.47,Hattiesburg-Laurel Regional Airport,Hattiesburg-Laurel,MS,31.46715,-89.33706,Hattiesburg-Laurel Regional Airport
PIH,654,54,-0.59,-2.14,150.0,8.26,Pocatello Regional Airport,Pocatello,ID,42.91131,-112.59586,Pocatello Regional Airport
PIT,24121,4501,4.79,10.11,723.05,18.66,Pittsburgh International Airport,Pittsburgh,PA,40.49147,-80.23287,Pittsburgh International Airport
PLN,752,119,6.92,9.24,243.0,15.82,Pellston Regional Airport of Emmet County,Pellston,MI,45.57093,-84.79672,Pellston Regional Airport of Emmet County
PNS,6534,1214,5.33,8.54,439.99,18.58,Pensacola International Airport (Pensacola Gulf Coast Regional Airport),Pensacola,FL,30.47331,-87.18744,Pensacola International Airport (Pensacola Gulf Coast Regional Airport)
PPG,107,15,7.4,8.67,2599.0,14.02,Pago Pago International Airport (Tafuna Airport),Pago Pago,AS,14.33102,-170.71053,Pago Pago International Airport (Tafuna Airport)
PSC,2435,424,4.13,7.48,683.86,17.41,Tri-Cities Airport,Pasco,WA,46.26468,-119.11903,Tri-Cities Airport
PSE,751,202,9.86,14.62,1373.8,26.9,Mercedita Airport,Ponce,PR,18.0083,-66.56301,Mercedita Airport
PSG,664,127,7.1,5.96,77.0,19.13,Petersburg James A. Johnson Airport,Petersburg,AK,56.80165,-132.94528,Petersburg James A. Johnson Airport
PSP,8988,1587,4.26,7.04,637.63,17.66,Palm Springs International Airport,Palm Springs,CA,33.82922,-116.50625,Palm Springs International Airport
PUB,264,38,-0.91,2.42,109.0,14.39,Pueblo Memorial Airport,Pueblo,CO,38.28909,-104.49657,Pueblo Memorial Airport
PVD,11059,2187,6.29,10.71,742.72,19.78,Theodore Francis Green State Airport,Providence,RI,41.724,-71.42822,Theodore Francis Green State Airport
PWM,4680,972,6.84,11.41,542.68,20.77,Portland International Jetport,Portland,ME,43.64617,-70.30875,Portland International Jetport
RAP,3269,561,4.35,7.52,553.02,17.16,Rapid City Regional Airport,Rapid City,SD,44.04532,-103.05737,Rapid City Regional Airport
RDD,727,160,7.35,8.27,199.0,22.01,Redding Municipal Airport,Redding,CA,40.50898,-122.2934,Redding Municipal Airport
RDM,2153,341,2.49,5.66,606.16,15.84,Redmond Municipal Airport (Roberts Field),Redmond,OR,44.25407,-121.14996,Redmond Municipal Airport (Roberts Field)
RDU,31897,6327,5.74,10.35,637.15,19.84,Raleigh-Durham International Airport,Raleigh,NC,35.87764,-78.78747,Raleigh-Durham International Airport
RHI,953,105,-1.34,4.61,153.09,11.02,Rhinelander-Oneida County Airport,Rhinelander,WI,45.63119,-89.46745,Rhinelander-Oneida County Airport
RIC,15351,3175,7.0,10.99,535.74,20.68,Richmond International Airport,Richmond,VA,37.50517,-77.31967,Richmond International Airport
RKS,690,91,-3.14,4.32,255.78,13.19,Rock Springs-Sweetwater County Airport,Rock Springs,WY,41.59422,-109.06519,Rock Springs-Sweetwater County Airport
RNO,13010,2509,5.13,9.92,578.06,19.29,Reno/Tahoe International Airport,Reno,NV,39.49858,-119.76806,Reno/Tahoe International Airport
ROA,2283,426,6.49,8.48,415.81,18.66,Roanoke Regional Airport (Woodrum Field),Roanoke,VA,37.32547,-79.97543,Roanoke Regional Airport (Woodrum Field)
ROC,7446,1446,4.76,10.9,501.13,19.42,Greater Rochester International Airport,Rochester,NY,43.11887,-77.67238,Greater Rochester International Airport
ROW,973,182,3.6,7.44,435.0,18.71,Roswell International Air Center,Roswell,NM,33.30156,-104.53056,Roswell International Air Center
RST,2054,367,3.62,10.22,317.85,17.87,Rochester International Airport,Rochester,MN,43.90883,-92.49799,Rochester International Airport
RSW,27349,5245,3.51,9.54,962.04,19.18,Southwest Florida International Airport,Ft. Myers,FL,26.53617,-81.75517,Southwest Florida International Airport
SAF,1502,275,4.25,7.52,525.98,18.31,Santa Fe Municipal Airport,Santa Fe,NM,35.61678,-106.08814,Santa Fe Municipal Airport
SAN,70207,12987,3.63,9.35,981.62,18.5,San Diego International Airport (Lindbergh Field),San Diego,CA,32.73356,-117.18966,San Diego International Airport (Lindbergh Field)
SAT,29784,6234,5.8,11.14,715.23,20.93,San Antonio International Airport,San Antonio,TX,29.53369,-98.46978,San Antonio International Airport
SAV,7539,1385,5.14,8.55,547.21,18.37,Savannah/Hilton Head International Airport,Savannah,GA,32.12758,-81.20214,Savannah/Hilton Head International Airport
SBA,6017,1018,3.92,6.23,400.82,16.92,Santa Barbara Municipal Airport (Santa Barbara Airport),Santa Barbara,CA,34.42621,-119.84037,Santa Barbara Municipal Airport (Santa Barbara Airport)
SBN,4452,886,8.45,11.2,308.29,19.9,South Bend International Airport (South Bend Regional),South Bend,IN,41.70895,-86.31847,South Bend International Airport (South Bend Regional)
SBP,3132,494,3.5,5.32,248.13,15.77,San Luis Obispo County Regional Airport (McChesney Field),San Luis Obispo,CA,35.23706,-120.64239,San Luis Obispo County Regional Airport (McChesney Field)
SCC,855,98,0.47,1.66,533.49,11.46,Deadhorse Airport (Prudhoe Bay Airport),Deadhorse,AK,70.19476,-148.46516,Deadhorse Airport (Prudhoe Bay Airport)
SCE,915,211,9.83,10.18,479.02,23.06,University Park Airport,State College,PA,40.85121,-77.8463,University Park Airport
SDF,10199,1936,5.51,9.7,561.67,18.98,Louisville International Airport (Standiford Field),Louisville,KY,38.17439,-85.736,Louisville International Airport (Standiford Field)
SEA,110907,18134,1.96,6.03,1266.59,16.35,Seattle-Tacoma International Airport,Seattle,WA,47.44898,-122.30931,Seattle-Tacoma International Airport
SFO,147966,32984,6.47,13.79,1199.68,22.29,San Francisco International Airport,San Francisco,CA,37.619,-122.37484,San Francisco International Airport
SGF,6237,1375,8.44,11.04,461.97,22.05,Springfield-Branson National Airport,Springfield,MO,37.24433,-93.38686,Springfield-Branson National Airport
SGU,1778,271,5.21,2.62,352.75,15.24,St. George Regional Airport,St George,UT,37.09058,-113.59306,St. George Regional Airport
SHV,6100,1252,7.55,10.59,342.12,20.52,Shreveport Regional Airport,Shreveport,LA,32.44663,-93.8256,Shreveport Regional Airport
SIT,1342,221,2.08,1.63,261.31,16.47,Sitka Rocky Gutierrez Airport,Sitka,AK,57.04714,-135.3616,Sitka Rocky Gutierrez Airport
SJC,38204,6817,4.16,8.43,728.59,17.84,Norman Y. Mineta San José International Airport,San Jose,CA,37.36186,-121.92901,Norman Y. Mineta San José International Airport
SJT,1628,279,3.29,6.36,229.0,17.14,San Angelo Regional Airport (Mathis Field),San Angelo,TX,31.35775,-100.49631,San Angelo Regional Airport (Mathis Field)
SJU,24653,5521,6.82,11.37,1380.87,22.39,Luis Muñoz Marín International Airport,San Juan,PR,18.43942,-66.00183,Luis Muñoz Marín International Airport
SLC,97193,12554,0.39,5.28,738.55,12.92,Salt Lake City International Airport,Salt Lake City,UT,40.78839,-111.97777,Salt Lake City International Airport
SMF,37212,7137,5.4,9.77,689.73,19.18,Sacramento International Airport,Sacramento,CA,38.69542,-121.59077,Sacramento International Airport
SMX,663,108,0.63,5.74,185.33,16.29,Santa Maria Public Airport (Capt G. Allan Hancock Field),Santa Maria,CA,34.89925,-120.45758,Santa Maria Public Airport (Capt G. Allan Hancock Field)
SNA,37195,5602,1.56,6.94,796.71,15.06,John Wayne Airport (Orange County Airport),Santa Ana,CA,33.67566,-117.86822,John Wayne Airport (Orange County Airport)
SPI,1586,357,8.37,10.74,343.35,22.51,Abraham Lincoln Capital Airport,Springfield,IL,39.84395,-89.67762,Abraham Lincoln Capital Airport
SPS,1233,228,4.7,8.02,113.0,18.49,Wichita Falls Municipal Airport/Sheppard AFB,Wichita Falls,TX,33.9888,-98.49189,Wichita Falls Municipal Airport/Sheppard AFB
SRQ,3370,558,2.48,8.28,709.71,16.56,Sarasota-Bradenton International Airport,Sarasota,FL,27.39533,-82.55411,Sarasota-Bradenton International Airport
STC,82,30,21.62,18.28,394.0,36.59,St. Cloud Regional Airport,St Cloud,MN,45.54532,-94.05834,St. Cloud Regional Airport
STL,46962,8525,4.14,9.6,717.27,18.15,St. Louis International Airport at Lambert Field,St Louis,MO,38.74769,-90.35999,St. Louis International Airport at Lambert Field
STT,4348,903,5.53,11.21,1233.99,20.77,Cyril E. King Airport,Charlotte Amalie,VI,18.33731,-64.97336,Cyril E. King Airport
STX,938,205,6.51,8.67,800.56,21.86,Henry E. Rohlsen Airport,Christiansted,VI,17.70189,-64.79856,Henry E. Rohlsen Airport
SUN,959,145,2.96,5.01,326.87,15.12,Friedman Memorial Airport,Hailey,ID,43.50484,-114.29659,Friedman Memorial Airport
SUX,620,138,4.37,10.8,436.0,22.26,Sioux Gateway Airport,Sioux City,IA,42.4026,-96.38437,Sioux Gateway Airport
SWF,690,134,6.99,11.66,1036.11,19.42,Stewart International Airport,Newburgh,NY,41.50409,-74.10484,Stewart International Airport
SYR,5610,1166,6.15,10.8,544.94,20.78,Syracuse Hancock International Airport,Syracuse,NY,43.11119,-76.10631,Syracuse Hancock International Airport
TLH,3193,574,5.31,9.78,359.5,17.98,Tallahassee International Airport,Tallahassee,FL,30.39653,-84.35033,Tallahassee International Airport
TOL,961,145,0.18,6.6,213.0,15.09,Toledo Express Airport,Toledo,OH,41.58681,-83.80783,Toledo Express Airport
TPA,63914,12242,4.73,10.55,863.1,19.15,Tampa International Airport,Tampa,FL,27.97547,-82.53325,Tampa International Airport
TRI,1929,280,2.05,5.97,227.0,14.52,Tri-Cities Regional Airport,Bristol,TN,36.47521,-82.40742,Tri-Cities Regional Airport
TTN,2836,778,16.97,17.29,749.16,27.43,Trenton Mercer Airport,Trenton,NJ,40.27669,-74.81347,Trenton Mercer Airport
TUL,13970,2870,6.49,10.33,506.67,20.54,Tulsa International Airport,Tulsa,OK,36.19837,-95.88824,Tulsa International Airport
TUS,15116,3051,6.0,9.89,704.26,20.18,Tucson International Airport,Tucson,AZ,32.11608,-110.94103,Tucson International Airport
TVC,2758,447,2.53,7.46,243.37,16.21,Cherry Capital Airport,Traverse City,MI,44.74144,-85.58224,Cherry Capital Airport
TWF,815,87,3.57,-1.27,175.0,10.67,Magic Valley Regional Airport (Joslin Field),Twin Falls,ID,42.4818,-114.48774,Magic Valley Regional Airport (Joslin Field)
TXK,976,161,4.47,5.63,181.0,16.5,Texarkana Regional Airport (Webb Field),Texarkana,AR,33.45371,-93.99102,Texarkana Regional Airport (Webb Field)
TYR,2299,443,7.08,7.85,120.25,19.27,Tyler Pounds Regional Airport,Tyler,TX,32.35414,-95.40239,Tyler Pounds Regional Airport
TYS,6964,1629,10.31,11.83,533.67,23.39,McGhee Tyson Airport,Knoxville,TN,35.81249,-83.99286,McGhee Tyson Airport
UST,155,36,1.82,14.14,798.23,23.23,Northeast Florida Regional Airport (St. Augustine Airport),St. Augustine,FL,,,Northeast Florida Regional Airport (St. Augustine Airport)
VEL,205,8,-13.22,-5.74,132.0,3.9,Valdez Airport,Vernal,UT,40.4409,-109.50992,Valdez Airport
VLD,935,181,6.84,8.29,208.0,19.36,Valdosta Regional Airport,Valdosta,GA,30.7825,-83.27672,Valdosta Regional Airport
VPS,4868,904,6.2,9.28,442.82,18.57,Destin-Fort Walton Beach Airport/Eglin AFB,Valparaiso,FL,30.48325,-86.5254,Destin-Fort Walton Beach Airport/Eglin AFB
WRG,664,132,5.28,5.67,56.5,19.88,Wrangell Airport,Wrangell,AK,56.48433,-132.36982,Wrangell Airport
WYS,208,19,4.17,-1.88,273.0,9.13,Westerly State Airport,West Yellowstone,MT,44.6884,-111.11764,Westerly State Airport
XNA,9284,2114,8.49,11.09,529.25,22.77,Northwest Arkansas Regional Airport,Fayetteville/Springdale/Rogers,AR,36.28187,-94.30681,Northwest Arkansas Regional Airport
YAK,662,97,0.37,-1.12,205.95,14.65,Yakutat Airport,Yakutat,AK,59.50336,-139.66023,Yakutat Airport
YUM,1878,237,3.22,2.93,160.0,12.62,Yuma International Airport,Yuma,AZ,32.65658,-114.60597,Yuma International Airport
