AIRLINE,ORIGIN_AIRPORT,SCHEDULED_DEP_HOUR,DAY_PERIOD,nb_vols,nb_retards,retard_moyen_arrivee,retard_moyen_depart,distance_moyenne,taux_retard_percent,risk_score,impact_score
UA,ORD,19,Soir,5875,1956,17.31,26.31,1113.22,33.29,288.91,33858.36
UA,IAH,19,Soir,6584,2117,15.73,23.32,981.93,32.15,282.68,33300.41
UA,ORD,17,Soir,5414,1702,17.86,24.55,845.39,31.44,270.29,30397.72
WN,BWI,20,Soir,5793,1894,14.98,21.93,676.0,32.69,283.25,28372.12
UA,ORD,18,Soir,3169,1199,22.01,29.0,910.18,37.84,305.05,26389.99
WN,LAS,20,Soir,3806,1423,18.02,22.9,545.05,37.39,308.27,25642.46
WN,BWI,22,Nuit,4544,1627,15.03,19.66,357.96,35.81,301.58,24453.81
WN,MDW,19,Soir,6649,2037,11.08,19.34,1045.3,30.64,269.7,22569.96
AA,DFW,18,Soir,12860,3079,7.1,15.44,911.31,23.94,226.52,21860.9
WN,BWI,18,Soir,3497,1259,16.79,23.64,817.28,36.0,293.76,21138.61
WN,LAS,19,Soir,4420,1421,14.04,19.38,686.72,32.15,269.87,19950.84
UA,ORD,20,Soir,3399,1133,17.31,27.87,888.21,33.33,271.02,19612.23
WN,DAL,18,Soir,3576,1190,16.45,20.81,663.35,33.28,272.31,19575.5
AA,MIA,21,Soir,5711,1701,11.49,18.71,1040.57,29.78,257.61,19544.49
UA,IAH,17,Soir,4463,1312,14.81,23.78,1242.87,29.4,247.07,19430.72
UA,EWR,19,Soir,3536,1204,16.08,32.64,1636.29,34.05,278.22,19360.32
UA,IAD,17,Soir,4054,1273,15.13,20.89,1450.71,31.4,260.86,19260.49
WN,PHX,19,Soir,3837,1283,14.48,20.45,829.77,33.44,275.97,18577.84
WN,LAS,18,Soir,4070,1304,14.2,19.59,815.75,32.04,266.31,18516.8
WN,BWI,17,Soir,3315,1139,16.15,22.25,706.85,34.36,278.54,18394.85
WN,HOU,20,Soir,3565,1191,15.28,19.79,743.02,33.41,273.27,18198.48
WN,LAS,17,Soir,4352,1365,13.24,19.29,996.25,31.36,262.75,18072.6
OO,DEN,18,Soir,4888,1381,13.08,14.41,611.16,28.25,239.98,18063.48
WN,LAS,16,Apres-midi,4447,1374,13.01,19.62,1125.37,30.9,259.57,17875.74
B6,JFK,22,Nuit,2374,887,19.97,22.44,390.73,37.36,290.39,17713.39
WN,BWI,16,Apres-midi,4297,1330,13.29,18.57,720.98,30.95,258.92,17675.7
WN,DAL,21,Soir,2340,914,19.29,23.29,456.97,39.06,303.04,17631.06
OO,SFO,10,Matin,3925,1164,15.01,15.79,664.16,29.66,245.45,17471.64
WN,DEN,18,Soir,4809,1413,12.28,19.59,1198.3,29.38,249.1,17351.64
WN,DAL,20,Soir,2831,986,17.45,22.91,654.24,34.83,276.85,17205.7
WN,MDW,17,Soir,4236,1252,13.48,20.14,775.7,29.56,246.87,16876.96
WN,MDW,21,Soir,5535,1504,11.22,16.89,596.23,27.17,234.18,16874.88
WN,LAX,19,Soir,2552,921,18.28,24.26,824.78,36.09,283.13,16835.88
DL,ATL,20,Soir,13906,2799,5.99,13.09,651.88,20.13,192.04,16766.01
UA,EWR,20,Soir,2996,1042,16.04,31.45,1376.77,34.78,278.43,16713.68
AA,DFW,20,Soir,11318,2599,6.39,15.05,883.3,22.96,214.31,16607.61
WN,MDW,20,Soir,3653,1173,14.02,20.69,879.45,32.11,263.42,16445.46
WN,LAX,20,Soir,1776,737,22.3,26.04,440.44,41.5,310.53,16435.1
AA,MIA,14,Apres-midi,3934,1173,14.01,16.37,1190.76,29.82,246.84,16433.73
UA,DEN,11,Matin,7085,1750,9.38,17.56,1141.36,24.7,218.99,16415.0
UA,IAH,15,Apres-midi,4421,1204,13.59,21.38,1138.49,27.23,228.58,16362.36
OO,ORD,19,Soir,2639,896,18.14,19.54,601.31,33.95,267.48,16253.44
NK,FLL,21,Soir,1810,707,22.97,25.86,1140.75,39.06,293.01,16239.79
UA,ORD,15,Apres-midi,3272,1037,15.63,23.1,1171.89,31.69,256.48,16208.31
WN,PHX,18,Soir,3312,1110,14.56,19.26,757.88,33.51,271.62,16161.6
AA,CLT,20,Soir,3571,1087,14.69,15.26,725.77,30.44,249.03,15968.03
AA,MIA,18,Soir,4008,1241,12.85,17.87,1240.38,30.96,256.85,15946.85
MQ,DFW,20,Soir,5698,1481,10.6,14.6,554.88,25.99,224.76,15698.6
B6,BOS,19,Soir,2917,1029,15.23,18.87,1247.87,35.28,281.49,15671.67
EV,DFW,18,Soir,2377,779,20.04,23.38,561.09,32.77,254.75,15611.16
EV,IAH,19,Soir,7009,1646,9.48,9.43,577.49,23.48,207.92,15604.08
B6,JFK,21,Soir,2287,831,18.74,26.92,1239.36,36.34,281.11,15572.94
NK,ORD,21,Soir,925,465,33.13,36.52,964.49,50.27,343.39,15405.45
B6,MCO,19,Soir,1327,574,26.77,28.87,977.35,43.26,311.1,15365.98
WN,DAL,19,Soir,2851,965,15.91,20.97,682.7,33.85,269.3,15353.15
EV,ORD,19,Soir,4153,1178,13.03,14.45,512.74,28.37,236.37,15349.34
WN,LAS,14,Apres-midi,4253,1227,12.33,17.76,903.91,28.85,241.06,15128.91
OO,DEN,19,Soir,4730,1277,11.84,13.36,557.77,27.0,228.47,15119.68
WN,LAS,15,Apres-midi,4381,1275,11.8,17.18,784.32,29.1,244.01,15045.0
AA,DFW,17,Soir,9009,2030,7.34,14.23,1075.77,22.53,205.16,14900.2
UA,IAH,21,Soir,4258,1212,12.18,21.88,1050.85,28.46,237.83,14762.16
WN,LAX,21,Soir,1539,667,22.05,26.05,436.17,43.34,318.1,14707.35
OO,ORD,17,Soir,3165,947,15.53,16.52,358.8,29.92,241.16,14706.91
UA,ORD,16,Apres-midi,3073,908,16.08,24.37,1183.14,29.55,237.31,14600.64
WN,HOU,18,Soir,3116,992,14.59,19.14,690.58,31.84,256.14,14473.28
EV,ATL,20,Soir,3427,1025,13.89,15.66,479.85,29.91,243.46,14237.25
WN,PHX,20,Soir,2878,1018,13.97,19.1,615.1,35.37,281.73,14221.46
WN,ATL,21,Soir,2119,822,17.26,25.24,747.61,38.79,297.1,14187.72
WN,LAX,18,Soir,2233,792,17.88,22.46,749.47,35.47,273.53,14160.96
WN,BWI,21,Soir,2458,871,16.24,23.85,699.35,35.44,276.7,14145.04
US,CLT,22,Nuit,5312,1403,10.08,8.72,640.23,26.41,226.54,14142.24
WN,MDW,18,Soir,3531,1075,13.11,19.79,770.41,30.44,248.68,14093.25
DL,ATL,19,Soir,21617,3777,3.7,11.44,724.73,17.47,174.37,13974.9
UA,DEN,19,Soir,4571,1241,11.19,20.5,902.32,27.15,228.81,13886.79
WN,DEN,20,Soir,3800,1126,12.22,18.02,782.0,29.63,244.24,13759.72
AA,DFW,16,Apres-midi,5160,1320,10.25,13.4,816.6,25.58,218.68,13530.0
WN,BWI,19,Soir,2634,865,15.44,22.33,798.14,32.84,258.67,13355.6
WN,DAL,17,Soir,3407,1020,13.01,17.77,631.32,29.94,243.53,13270.2
DL,ATL,21,Soir,14758,2634,5.01,12.53,644.39,17.85,171.35,13196.34
AA,DFW,13,Apres-midi,10771,2147,6.14,11.68,952.66,19.93,185.04,13182.58
AA,MIA,19,Soir,4196,1239,10.63,15.76,1256.93,29.53,246.34,13170.57
B6,FLL,20,Soir,1777,698,18.81,23.59,1025.43,39.28,293.94,13129.38
EV,ATL,19,Soir,3853,999,13.14,15.96,462.34,25.93,214.1,13126.86
EV,ATL,16,Apres-midi,5157,1247,10.52,13.25,382.54,24.18,206.7,13118.44
AA,CLT,22,Nuit,4550,1199,10.85,12.65,650.63,26.35,221.95,13009.15
MQ,ORD,19,Soir,1512,565,22.88,21.17,357.21,37.37,273.62,12927.2
WN,OAK,19,Soir,2534,857,14.99,18.47,517.52,33.82,265.08,12846.43
WN,MDW,16,Apres-midi,3812,1090,11.64,18.68,859.83,28.59,235.76,12687.6
WN,HOU,17,Soir,3063,904,14.02,18.39,636.51,29.51,236.89,12674.08
UA,ORD,13,Apres-midi,4888,1212,10.38,17.49,785.4,24.8,210.67,12580.56
WN,MCO,18,Soir,2257,738,17.03,22.91,925.77,32.7,252.52,12568.14
WN,DEN,17,Soir,3089,995,12.63,18.57,1111.05,32.21,258.84,12566.85
UA,ORD,9,Matin,6142,1459,8.58,15.75,1399.84,23.75,207.17,12518.22
AA,CLT,16,Apres-midi,4487,1157,10.77,10.55,789.81,25.79,216.87,12460.89
WN,ATL,20,Soir,3429,1093,11.4,20.63,712.01,31.88,259.51,12460.2
UA,ORD,12,Apres-midi,4699,1119,11.09,18.02,1209.38,23.81,201.32,12409.71
EV,EWR,20,Soir,2596,814,15.14,20.49,729.69,31.36,246.56,12323.96
OO,ORD,16,Apres-midi,2736,799,15.36,16.39,459.43,29.2,231.11,12272.64
WN,DEN,22,Nuit,2835,921,13.14,18.83,749.33,32.49,258.3,12101.94
B6,MCO,18,Soir,1032,422,28.6,31.86,1063.05,40.89,283.79,12069.2
MQ,DFW,16,Apres-midi,4358,1160,10.4,10.95,410.39,26.62,223.08,12064.0
B6,MCO,20,Soir,1297,514,23.44,25.99,1153.98,39.63,284.09,12048.16
UA,EWR,18,Soir,2297,771,15.62,28.87,1597.27,33.57,259.82,12043.02
AA,DFW,15,Apres-midi,10627,2221,5.41,11.98,908.02,20.9,193.77,12015.61
WN,HOU,22,Nuit,1501,602,19.76,23.49,604.63,40.11,293.39,11895.52
UA,EWR,15,Apres-midi,3326,960,12.3,22.17,1331.77,28.86,234.05,11808.0
WN,STL,19,Soir,2307,783,15.01,20.54,712.42,33.94,262.84,11752.83
WN,ATL,22,Nuit,3326,1039,11.31,20.92,607.08,31.24,253.35,11751.09
UA,EWR,16,Apres-midi,2728,812,14.47,24.98,1571.69,29.77,235.53,11749.64
OO,DEN,11,Matin,5787,1322,8.85,10.94,643.04,22.84,197.88,11699.7
WN,LAX,16,Apres-midi,1870,684,17.07,21.39,678.04,36.58,275.6,11675.88
AA,MIA,20,Soir,3944,1122,10.15,16.3,1261.0,28.45,235.57,11388.3
B6,JFK,20,Soir,2773,866,13.13,21.52,1434.91,31.23,247.59,11370.58
WN,PHX,16,Apres-midi,2959,876,12.96,18.3,827.42,29.6,236.59,11352.96
WN,PHX,21,Soir,2150,763,14.85,21.47,531.75,35.49,272.34,11330.55
B6,BOS,20,Soir,2295,748,14.99,17.52,1183.29,32.59,252.21,11212.52
UA,ORD,14,Apres-midi,2556,699,16.02,20.48,736.02,27.35,214.6,11197.98
WN,HOU,19,Soir,2065,714,15.68,20.33,799.56,34.58,263.96,11195.52
US,CLT,20,Soir,4131,1078,10.34,11.7,688.42,26.1,217.32,11146.52
WN,OAK,20,Soir,2068,707,15.75,18.69,466.88,34.19,261.03,11135.25
MQ,DFW,18,Soir,4129,1078,10.23,14.96,552.21,26.11,217.39,11027.94
EV,ORD,18,Soir,2621,746,14.77,15.67,542.97,28.46,224.03,11018.42
AA,CLT,18,Soir,3465,945,11.62,14.61,1029.76,27.27,222.27,10980.9
OO,DEN,15,Apres-midi,4531,1087,10.0,12.35,503.81,23.99,201.97,10870.0
WN,DEN,19,Soir,2611,827,13.14,18.77,858.28,31.67,249.18,10866.78
WN,MCO,19,Soir,3031,839,12.92,19.61,941.69,27.68,221.91,10839.88
F9,DEN,20,Soir,1823,638,16.92,16.59,775.47,35.0,262.81,10794.96
NK,ORD,20,Soir,700,335,32.19,35.85,978.77,47.86,313.6,10783.65
OO,ORD,13,Apres-midi,3024,853,12.64,12.97,434.3,28.21,226.09,10781.92
AA,ORD,18,Soir,4504,1183,9.1,19.99,904.67,26.27,221.01,10765.3
WN,DAL,16,Apres-midi,2962,839,12.82,17.05,602.08,28.33,226.47,10755.98
WN,HOU,21,Soir,2494,806,13.29,18.08,634.56,32.32,252.81,10711.74
EV,ORD,13,Apres-midi,5045,1154,9.25,9.66,541.29,22.87,195.0,10674.5
OO,ORD,12,Apres-midi,2943,768,13.78,13.73,609.74,26.1,208.47,10583.04
AA,DFW,19,Soir,4092,1061,9.96,15.61,916.52,25.93,215.66,10567.56
WN,LAX,17,Soir,1943,685,15.39,19.25,749.75,35.25,266.93,10542.15
WN,LAX,15,Apres-midi,2261,724,14.46,18.41,679.25,32.02,247.32,10469.04
AA,ORD,20,Soir,4221,1140,9.16,19.6,1122.25,27.01,225.48,10442.4
WN,OAK,18,Soir,1650,577,18.06,20.15,491.05,34.97,259.1,10420.62
WN,MDW,22,Nuit,2671,796,12.97,18.21,538.14,29.8,235.14,10324.12
AA,DFW,21,Soir,5189,1251,8.22,13.72,755.9,24.11,206.25,10283.22
UA,SFO,10,Matin,4781,1157,8.87,16.88,1548.1,24.2,205.04,10262.59
WN,PHX,17,Soir,3109,886,11.53,17.62,877.95,28.5,229.21,10215.58
WN,LAS,21,Soir,2547,784,12.99,18.03,432.5,30.78,241.41,10184.16
B6,BOS,17,Soir,2615,807,12.58,16.02,1201.35,30.86,242.85,10152.06
UA,DEN,15,Apres-midi,4326,1078,9.41,17.39,1027.47,24.92,208.65,10143.98
OO,IAH,17,Soir,2203,688,14.73,17.48,920.98,31.23,240.41,10134.24
WN,LAX,12,Apres-midi,2727,819,12.32,16.11,888.28,30.03,237.58,10090.08
F9,PHL,18,Soir,309,197,51.21,41.08,781.15,63.75,365.71,10088.37
US,CLT,18,Soir,3917,1034,9.74,13.02,1008.61,26.4,218.42,10071.16
UA,EWR,17,Soir,2508,763,13.19,24.81,1452.26,30.42,238.12,10063.97
WN,SJC,20,Soir,1575,561,17.44,20.18,464.55,35.62,262.26,9783.84
AA,DFW,14,Apres-midi,5571,1234,7.91,12.57,908.0,22.15,191.06,9760.94
OO,ORD,15,Apres-midi,2146,627,15.51,16.62,392.62,29.22,224.17,9724.77
OO,SFO,12,Apres-midi,2518,702,13.52,16.36,401.25,27.88,218.35,9491.04
WN,MDW,15,Apres-midi,3987,1001,9.47,15.44,854.79,25.11,208.19,9479.47
WN,MDW,14,Apres-midi,3717,983,9.6,16.73,856.82,26.45,217.44,9436.8
WN,LAX,14,Apres-midi,2575,791,11.93,16.55,761.26,30.72,241.27,9436.63
WN,BWI,15,Apres-midi,3610,950,9.92,16.66,792.65,26.32,215.61,9424.0
B6,FLL,18,Soir,1714,569,16.52,22.36,1323.93,33.2,247.25,9399.88
WN,OAK,15,Apres-midi,1937,645,14.45,16.9,601.1,33.3,252.06,9320.25
EV,EWR,19,Soir,1808,566,16.46,20.46,493.42,31.31,234.84,9316.36
WN,SAN,16,Apres-midi,2012,635,14.57,18.74,482.8,31.56,240.09,9251.95
DL,DTW,19,Soir,5247,1239,7.39,13.93,907.77,23.61,202.23,9156.21
WN,STL,20,Soir,1922,643,14.22,20.95,653.16,33.45,252.94,9143.46
WN,MDW,13,Apres-midi,7648,1572,5.8,11.92,726.48,20.55,183.76,9117.6
UA,IAH,12,Apres-midi,3654,893,10.2,16.97,1105.66,24.44,200.5,9108.6
WN,LAX,13,Apres-midi,2407,775,11.75,15.14,871.86,32.2,250.73,9106.25
DL,ATL,22,Nuit,10371,1809,5.01,12.05,499.43,17.44,161.27,9063.09
NK,DTW,19,Soir,657,301,29.98,32.71,1391.83,45.81,297.27,9023.98
AA,ORD,15,Apres-midi,3539,890,10.12,15.18,944.59,25.15,205.52,9006.8
WN,DEN,21,Soir,2743,814,10.91,18.53,786.28,29.68,234.98,8880.74
UA,DEN,20,Soir,2341,697,12.65,20.89,832.09,29.77,230.98,8817.05
WN,MCO,20,Soir,2019,616,14.21,20.93,877.6,30.51,232.21,8753.36
WN,OAK,17,Soir,1791,566,15.22,17.45,485.3,31.6,236.72,8614.52
MQ,ORD,20,Soir,6591,1426,6.04,12.98,387.93,21.64,190.29,8613.04
WN,LAS,13,Apres-midi,4203,1007,8.51,13.58,682.91,23.96,199.92,8569.57
B6,FLL,19,Soir,1526,518,16.46,22.76,1500.81,33.94,248.82,8526.28
US,PHL,20,Soir,2258,679,12.49,14.4,1051.52,30.07,232.22,8480.71
WN,PHX,15,Apres-midi,3057,823,10.29,14.72,708.25,26.92,216.05,8468.67
EV,ORD,14,Apres-midi,3049,769,11.01,10.19,447.71,25.22,202.34,8466.69
OO,ORD,18,Soir,1806,561,15.09,18.22,545.33,31.06,232.93,8465.49
NK,DFW,16,Apres-midi,1238,429,19.65,19.94,925.31,34.65,246.78,8429.85
B6,LGA,21,Soir,667,301,28.0,29.99,1012.91,45.13,293.54,8428.0
WN,LAX,22,Nuit,846,382,22.0,27.66,427.92,45.15,304.39,8404.0
UA,SFO,13,Apres-midi,3226,808,10.39,20.18,1653.8,25.05,202.39,8395.12
WN,OAK,16,Apres-midi,1412,511,16.42,19.33,496.76,36.19,262.5,8390.62
EV,ATL,21,Soir,3280,812,10.29,11.65,435.23,24.76,200.45,8355.48
B6,MCO,17,Soir,993,354,23.4,26.81,1014.19,35.65,246.05,8283.6
WN,STL,21,Soir,2137,674,12.16,18.18,559.52,31.54,241.84,8195.84
WN,SAN,18,Soir,1889,602,13.52,18.09,634.4,31.87,240.44,8139.04
OO,DEN,10,Matin,4035,873,9.3,7.64,724.04,21.64,179.68,8118.9
EV,ATL,17,Soir,2839,731,11.01,13.59,296.38,25.75,204.75,8048.31
NK,ORD,9,Matin,897,378,21.11,20.85,748.34,42.14,286.56,7979.58
WN,HOU,16,Apres-midi,2570,689,11.58,15.57,570.58,26.81,210.51,7978.62
UA,IAH,16,Apres-midi,1750,514,15.5,25.05,1136.84,29.37,219.33,7967.0
WN,DAL,15,Apres-midi,3249,824,9.66,14.19,596.26,25.36,205.07,7959.84
WN,DAL,14,Apres-midi,3268,812,9.79,13.76,627.02,24.85,201.09,7949.48
UA,IAH,14,Apres-midi,3751,887,8.94,18.16,1168.55,23.65,194.64,7929.78
OO,ORD,14,Apres-midi,1713,496,15.96,16.69,361.39,28.96,215.65,7916.16
EV,DFW,20,Soir,2384,595,13.29,17.33,428.5,24.96,194.11,7907.55
WN,DEN,16,Apres-midi,2768,756,10.42,16.52,862.39,27.31,216.47,7877.52
B6,LGA,19,Soir,667,298,26.43,31.76,1055.47,44.68,290.61,7876.14
US,CLT,16,Apres-midi,4458,1061,7.4,8.88,792.89,23.8,199.98,7851.4
MQ,ORD,13,Apres-midi,4355,1016,7.63,12.48,364.92,23.33,195.49,7752.08
WN,DEN,15,Apres-midi,3077,801,9.55,14.86,850.14,26.03,209.07,7649.55
AA,MIA,15,Apres-midi,1789,546,14.01,18.51,1125.49,30.52,228.59,7649.46
NK,ORD,19,Soir,579,271,28.16,28.31,621.18,46.8,297.79,7631.36
MQ,DFW,17,Soir,2994,750,10.17,12.58,292.76,25.05,200.52,7627.5
WN,LAS,22,Nuit,1225,465,16.37,20.23,351.98,37.96,269.95,7612.05
NK,LAS,0,Nuit,904,348,21.83,23.71,1248.15,38.5,262.11,7596.84
WN,MCO,17,Soir,2951,777,9.77,16.37,932.73,26.33,210.38,7591.29
DL,BOS,17,Soir,1277,410,18.25,21.78,1014.12,32.11,229.68,7482.5
B6,MCO,16,Apres-midi,1073,363,20.25,25.94,995.5,33.83,236.1,7350.75
NK,ORD,17,Soir,670,292,25.14,28.56,1166.76,43.58,283.65,7340.88
EV,ATL,14,Apres-midi,3880,872,8.41,11.3,438.93,22.47,185.69,7333.52
B6,PBI,19,Soir,626,276,26.43,31.66,1102.85,44.09,283.98,7294.68
AA,MCO,19,Soir,1186,374,19.5,21.88,693.55,31.53,223.21,7293.0
AA,CLT,19,Soir,1896,551,13.16,15.05,716.41,29.06,219.35,7251.16
MQ,ORD,17,Soir,3288,837,8.66,15.38,337.74,25.46,206.18,7248.42
B6,BOS,18,Soir,1410,465,15.53,19.28,956.63,32.98,239.17,7221.45
MQ,DFW,14,Apres-midi,2813,709,10.16,10.78,478.69,25.2,200.15,7203.44
NK,IAH,18,Soir,317,168,42.78,41.19,613.59,53.0,305.39,7187.04
EV,DFW,17,Soir,1235,390,18.38,19.33,241.03,31.58,224.84,7168.2
UA,DEN,18,Soir,2401,650,11.0,18.73,791.28,27.07,210.71,7150.0
OO,ORD,9,Matin,3077,724,9.87,10.3,625.07,23.53,188.99,7145.88
NK,DTW,15,Apres-midi,903,332,21.52,25.39,779.59,36.77,250.29,7144.64
UA,SFO,12,Apres-midi,2661,695,10.28,18.26,1411.56,26.12,206.0,7144.6
US,PHL,18,Soir,2603,759,9.39,15.02,1475.63,29.16,229.34,7127.01
UA,SFO,11,Matin,2470,652,10.85,18.09,1601.58,26.4,206.25,7074.2
B6,FLL,17,Soir,1083,369,19.06,25.79,983.2,34.07,238.1,7033.14
AA,CLT,17,Soir,1906,520,13.5,14.27,647.7,27.28,206.05,7020.0
WN,SAN,17,Soir,1628,524,13.3,16.96,526.7,32.19,238.07,6969.2
NK,IAH,17,Soir,350,174,39.71,40.34,579.73,49.71,291.34,6909.54
OO,SFO,16,Apres-midi,3022,713,9.69,13.29,568.98,23.59,189.05,6908.97
MQ,LGA,18,Soir,639,279,24.7,22.29,691.01,43.66,282.11,6891.3
OO,DEN,17,Soir,2718,700,9.83,11.23,602.1,25.75,203.63,6881.0
NK,IAH,19,Soir,352,193,35.63,35.36,1038.59,54.83,321.66,6876.59
AA,DFW,10,Matin,13648,2393,2.84,9.41,1051.73,17.53,166.91,6796.12
F9,DEN,17,Soir,994,341,19.88,19.21,836.51,34.31,236.83,6779.08
MQ,LGA,19,Soir,974,381,17.79,22.17,742.82,39.12,269.24,6777.99
EV,ATL,15,Apres-midi,3992,811,8.32,11.2,379.2,20.32,168.5,6747.52
WN,BWI,13,Apres-midi,3843,821,8.21,13.08,620.64,21.36,176.31,6740.41
UA,EWR,21,Soir,1646,543,12.41,28.35,1119.38,32.99,244.35,6738.63
AA,ORD,13,Apres-midi,3527,855,7.88,14.4,1011.83,24.24,198.0,6737.4
OO,SFO,13,Apres-midi,2166,591,11.36,14.66,520.43,27.29,209.62,6713.76
OO,SFO,14,Apres-midi,1686,498,13.45,15.86,402.8,29.54,219.5,6698.1
EV,ORD,20,Soir,2479,610,10.97,13.77,430.77,24.61,192.35,6691.7
WN,ATL,18,Soir,1890,557,11.99,18.73,754.41,29.47,222.35,6678.43
NK,LAS,19,Soir,303,174,38.34,38.8,720.5,57.43,328.33,6671.16
MQ,ORD,14,Apres-midi,2213,600,10.98,14.67,373.81,27.11,208.82,6588.0
NK,ATL,18,Soir,406,194,33.92,36.26,665.61,47.78,287.1,6580.48
US,PHL,17,Soir,1581,487,13.49,15.96,1040.17,30.8,226.89,6569.63
WN,HOU,15,Apres-midi,2409,644,10.1,14.79,766.25,26.73,208.16,6504.4
WN,PHX,14,Apres-midi,3444,846,7.68,13.38,822.35,24.56,200.03,6497.28
WN,SJC,18,Soir,1203,409,15.85,17.43,412.72,34.0,241.18,6482.65
NK,MSP,18,Soir,421,202,32.08,29.36,514.87,47.98,290.04,6480.16
WN,OAK,14,Apres-midi,2136,581,11.04,14.49,700.65,27.2,208.55,6414.24
B6,TPA,19,Soir,497,210,30.21,35.1,1023.82,42.25,262.4,6344.1
B6,PBI,20,Soir,550,234,26.81,30.05,1084.15,42.55,268.56,6273.54
F9,MCO,20,Soir,597,249,25.16,25.11,1154.29,41.71,266.68,6264.84
EV,ATL,12,Apres-midi,4381,862,7.24,9.05,403.53,19.68,165.02,6240.88
AA,MIA,16,Apres-midi,2115,571,10.85,14.35,989.4,27.0,206.75,6195.35
UA,IAH,13,Apres-midi,2677,614,10.08,17.09,1036.71,22.94,181.06,6189.12
WN,SMF,20,Soir,1282,422,14.66,18.24,454.4,32.92,235.61,6186.52
OO,IAH,19,Soir,1216,388,15.89,15.13,779.35,31.91,226.69,6165.32
WN,BNA,19,Soir,2017,551,11.14,15.68,656.53,27.32,207.9,6138.14
B6,MCO,15,Apres-midi,1103,335,18.32,22.25,970.38,30.37,212.79,6137.2
WN,STL,18,Soir,1596,468,13.08,18.44,673.59,29.32,216.26,6121.44
EV,DFW,12,Apres-midi,2575,599,10.2,12.27,410.63,23.26,182.68,6109.8
AA,ORD,14,Apres-midi,2687,672,9.09,14.83,1110.39,25.01,197.49,6108.48
WN,LGA,20,Soir,880,320,19.07,29.87,731.19,36.36,246.56,6102.4
NK,FLL,20,Soir,2927,678,9.0,12.43,1088.48,23.16,184.86,6102.0
EV,DFW,16,Apres-midi,1367,391,15.44,15.54,394.27,28.6,206.52,6037.04
AA,DFW,12,Apres-midi,9325,1627,3.7,10.37,965.36,17.45,159.5,6019.9
EV,IAH,15,Apres-midi,5706,1002,5.99,7.65,493.88,17.56,151.88,6001.98
US,CLT,19,Soir,1621,507,11.81,12.86,840.87,31.28,231.2,5987.67
B6,EWR,21,Soir,625,250,23.95,27.89,661.71,40.0,257.57,5987.5
AA,JFK,20,Soir,796,296,20.21,24.58,1375.14,37.19,248.46,5982.16
WN,TPA,19,Soir,1587,451,13.26,19.29,819.75,28.42,209.46,5980.26
UA,ORD,21,Soir,1525,449,13.31,24.33,727.33,29.44,215.81,5976.19
EV,ORD,16,Apres-midi,2398,569,10.5,12.92,394.42,23.73,184.69,5974.5
F9,MCO,18,Soir,419,195,30.55,26.26,1045.8,46.54,281.11,5957.25
F9,MIA,21,Soir,349,177,33.58,33.13,1677.09,50.72,297.11,5943.66
AA,MIA,12,Apres-midi,4019,892,6.66,11.1,1027.9,22.19,184.16,5940.72
NK,LAX,21,Soir,329,166,35.68,36.55,2141.44,50.46,292.62,5922.88
WN,BNA,20,Soir,1801,502,11.78,17.95,635.1,27.87,208.93,5913.56
OO,ORD,20,Soir,1867,508,11.64,16.02,440.94,27.21,204.96,5913.12
MQ,DFW,21,Soir,3102,725,8.13,10.72,312.7,23.37,187.9,5894.25
MQ,ORD,21,Soir,3634,822,7.16,12.02,262.99,22.62,185.45,5885.52
OO,LAX,20,Soir,2416,595,9.88,12.55,341.37,24.63,191.87,5878.6
WN,SAN,19,Soir,1701,492,11.94,16.02,554.44,28.92,215.15,5874.48
WN,BWI,14,Apres-midi,3677,844,6.94,14.9,878.16,22.95,188.42,5857.36
AA,MIA,17,Soir,1879,531,10.97,15.55,1112.13,28.26,213.05,5825.07
B6,EWR,17,Soir,726,255,22.78,27.53,642.05,35.12,231.4,5808.9
AA,DCA,17,Soir,1760,520,11.12,15.12,1055.73,29.55,220.85,5782.4
DL,LGA,18,Soir,1946,521,11.09,24.61,895.6,26.77,202.76,5777.89
UA,EWR,14,Apres-midi,2807,720,8.0,19.29,1338.55,25.65,203.67,5760.0
NK,ATL,16,Apres-midi,378,187,30.7,29.88,545.34,49.47,293.73,5740.9
WN,ATL,19,Soir,1561,460,12.48,20.8,706.25,29.47,216.71,5740.8
UA,DEN,17,Soir,3474,832,6.88,16.26,1141.69,23.95,195.27,5724.16
AA,JFK,17,Soir,2340,605,9.45,19.73,1739.33,25.85,200.55,5717.25
DL,LGA,20,Soir,844,300,19.05,29.59,635.26,35.55,239.58,5715.0
UA,DEN,22,Nuit,1657,482,11.85,20.12,776.0,29.09,215.65,5711.7
NK,DFW,15,Apres-midi,660,243,23.5,24.09,1072.87,36.82,239.1,5710.5
EV,ORD,17,Soir,2683,628,9.06,10.23,401.51,23.41,184.82,5689.68
DL,BOS,18,Soir,1100,332,17.11,22.8,921.53,30.18,211.38,5680.52
WN,MCO,14,Apres-midi,2192,536,10.56,14.29,885.38,24.45,188.09,5660.16
F9,ATL,15,Apres-midi,452,186,30.41,26.6,856.0,41.15,251.67,5656.26
F9,ATL,16,Apres-midi,491,208,27.16,23.33,524.29,42.36,262.57,5649.28
AA,MCO,16,Apres-midi,826,271,20.77,23.68,897.51,32.81,220.41,5628.67
WN,DAL,13,Apres-midi,2829,660,8.52,12.37,644.44,23.33,185.43,5623.2
OO,LAX,18,Soir,2637,592,9.32,12.44,615.11,22.45,176.86,5517.44
DL,DTW,15,Apres-midi,7022,1278,4.28,9.91,855.85,18.2,161.2,5469.84
AA,DFW,11,Matin,6447,1262,4.31,9.95,948.92,19.57,171.66,5439.22
F9,DEN,19,Soir,806,292,18.58,17.11,744.24,36.23,242.5,5425.36
B6,PBI,18,Soir,318,160,33.85,35.9,1048.78,50.31,290.05,5416.0
OO,DEN,9,Matin,2618,594,9.1,8.45,611.35,22.69,178.58,5405.4
MQ,DFW,12,Apres-midi,4514,916,5.9,9.39,523.06,20.29,170.74,5404.4
NK,ORD,11,Matin,578,226,23.88,24.68,1062.5,39.1,248.73,5396.88
NK,LAX,8,Matin,355,175,30.83,27.9,1526.05,49.3,289.63,5395.25
OO,SFO,11,Matin,1169,337,15.97,15.25,628.19,28.83,203.68,5381.89
AA,ORD,19,Soir,1398,417,12.9,19.67,981.21,29.83,216.07,5379.3
UA,MCO,15,Apres-midi,1200,346,15.52,22.06,982.86,28.83,204.43,5369.92
NK,BOS,17,Soir,334,173,31.03,33.26,1237.0,51.8,301.17,5368.19
EV,EWR,17,Soir,1808,467,11.47,13.88,491.85,25.83,193.74,5356.49
WN,OAK,13,Apres-midi,1994,519,10.32,14.79,795.09,26.03,197.79,5356.08
WN,BNA,18,Soir,1805,481,11.11,16.99,650.17,26.65,199.84,5343.91
F9,ORD,20,Soir,351,166,32.02,29.93,1545.95,47.29,277.29,5315.32
WN,PHX,22,Nuit,750,294,18.06,27.61,457.12,39.2,259.56,5309.64
WN,ABQ,17,Soir,844,306,17.34,20.82,669.88,36.26,244.37,5306.04
WN,TPA,15,Apres-midi,1847,486,10.88,15.33,790.77,26.31,197.9,5287.68
DL,MSP,19,Soir,9788,1933,2.73,9.76,893.01,19.75,181.48,5277.09
UA,IAH,18,Soir,1649,459,11.4,22.35,1350.32,27.84,206.25,5232.6
OO,SFO,15,Apres-midi,2121,520,10.06,13.27,420.47,24.52,187.83,5231.2
EV,ATL,18,Soir,2170,514,10.17,12.8,316.2,23.69,182.01,5227.38
US,CLT,17,Soir,1867,519,10.07,11.38,664.25,27.8,209.41,5226.33
EV,EWR,16,Apres-midi,2268,546,9.57,13.1,570.94,24.07,185.99,5225.22
WN,HOU,14,Apres-midi,2707,601,8.69,13.14,567.84,22.2,175.47,5222.69
WN,DEN,13,Apres-midi,3039,674,7.69,12.47,838.46,22.18,177.88,5183.06
MQ,LGA,13,Apres-midi,1084,353,14.59,13.77,592.76,32.56,227.57,5150.27
EV,RIC,17,Soir,778,271,18.98,18.9,542.21,34.83,231.9,5143.58
F9,DEN,21,Soir,1078,336,15.29,15.19,758.79,31.17,217.68,5137.44
WN,MCI,19,Soir,1226,377,13.62,20.45,798.44,30.75,218.7,5134.74
WN,BNA,21,Soir,1580,468,10.97,16.92,536.46,29.62,218.18,5133.96
B6,MCO,21,Soir,682,252,20.36,21.99,1017.58,36.95,241.15,5130.72
OO,LAX,21,Soir,1826,502,10.21,12.96,289.48,27.49,206.46,5125.42
DL,JFK,19,Soir,2520,670,7.64,21.87,1566.06,26.59,208.26,5118.8
WN,MCO,16,Apres-midi,1919,494,10.24,15.97,924.33,25.74,194.6,5058.56
EV,ATL,13,Apres-midi,4467,855,5.9,8.32,357.06,19.14,160.87,5044.5
WN,ATL,17,Soir,1285,362,13.93,21.44,652.71,28.17,201.68,5042.66
B6,BOS,16,Apres-midi,2907,712,7.08,11.99,1260.78,24.49,195.31,5040.96
DL,ATL,17,Soir,12492,2190,2.3,10.99,694.45,17.53,165.36,5037.0
VX,DAL,19,Soir,390,176,28.53,28.32,1289.15,45.13,269.37,5021.28
B6,LGA,15,Apres-midi,333,160,31.38,35.34,1022.89,48.05,279.23,5020.8
UA,SFO,14,Apres-midi,2035,521,9.6,18.67,1587.46,25.6,195.04,5001.6
MQ,DFW,13,Apres-midi,3338,696,7.18,10.17,364.65,20.85,169.16,4997.28
UA,DEN,10,Matin,4153,866,5.77,12.39,1254.82,20.85,173.72,4996.82
NK,DTW,18,Soir,587,236,21.05,24.8,1103.12,40.2,256.34,4967.8
US,PHL,15,Apres-midi,1781,496,10.0,12.23,1093.04,27.85,208.47,4960.0
EV,EWR,21,Soir,1829,494,10.03,15.56,453.74,27.01,202.9,4954.82
WN,ATL,15,Apres-midi,4075,822,5.99,14.19,749.21,20.17,167.67,4923.78
UA,BOS,17,Soir,560,219,22.45,28.45,2114.31,39.11,247.56,4916.55
EV,DFW,13,Apres-midi,1603,395,12.44,14.07,396.23,24.64,181.85,4913.8
WN,SAN,15,Apres-midi,1710,465,10.55,16.6,737.74,27.19,202.43,4905.75
WN,SFO,18,Soir,852,285,17.19,20.55,434.05,33.45,225.75,4899.15
MQ,ORD,18,Soir,3782,811,6.03,12.9,413.36,21.44,176.63,4890.33
NK,ORD,8,Matin,928,304,16.01,23.32,978.72,32.76,223.89,4867.04
B6,JFK,19,Soir,1751,529,9.17,18.92,1674.51,30.21,225.62,4850.93
DL,LGA,17,Soir,1605,435,11.14,23.65,848.14,27.1,200.04,4845.9
WN,SEA,18,Soir,864,291,16.62,21.74,870.99,33.68,227.77,4836.42
OO,LAX,16,Apres-midi,2530,572,8.45,10.1,333.67,22.61,177.18,4833.4
OO,IAH,12,Apres-midi,1725,440,10.97,9.65,812.3,25.51,190.14,4826.8
WN,TPA,17,Soir,2001,498,9.66,17.21,902.83,24.89,189.21,4810.68
B6,JAX,18,Soir,531,203,23.69,28.09,709.43,38.23,239.96,4809.07
NK,MSP,6,Matin,332,154,31.2,25.48,334.0,46.39,269.44,4804.8
MQ,ORD,15,Apres-midi,4567,982,4.89,11.22,383.27,21.5,181.18,4801.98
NK,ORD,7,Matin,549,213,22.54,23.81,1151.53,38.8,244.82,4801.02
UA,BOS,18,Soir,730,268,17.91,25.97,1749.73,36.71,242.08,4799.88
B6,PBI,17,Soir,395,174,27.51,31.87,1057.92,44.05,263.48,4786.74
WN,AUS,18,Soir,1443,392,12.21,17.37,734.93,27.17,197.67,4786.32
UA,SFO,19,Soir,2316,533,8.95,15.29,1005.79,23.01,178.28,4770.35
WN,BNA,16,Apres-midi,1433,409,11.65,15.85,664.25,28.54,207.44,4764.85
AA,DCA,18,Soir,1122,327,14.51,19.23,625.05,29.14,204.67,4744.77
MQ,ORD,9,Matin,3228,701,6.74,9.68,410.48,21.72,175.5,4724.74
OO,LAX,19,Soir,2460,560,8.43,10.79,502.73,22.76,177.72,4720.8
MQ,DFW,9,Matin,2812,608,7.74,7.31,430.5,21.62,171.71,4705.92
UA,IAH,20,Soir,1061,345,13.63,22.68,1064.18,32.52,226.6,4702.35
B6,HPN,18,Soir,333,147,31.87,34.17,1042.83,44.14,256.5,4684.89
B6,BOS,14,Apres-midi,1586,439,10.61,13.37,969.53,27.68,203.99,4657.79
AA,DFW,9,Matin,7106,1278,3.63,8.42,1119.61,17.98,159.46,4639.14
WN,BOS,17,Soir,1008,328,14.07,23.34,1025.35,32.54,225.07,4614.96
WN,AUS,17,Soir,1124,326,14.05,19.52,867.65,29.0,203.74,4580.3
DL,LGA,19,Soir,1385,400,11.41,23.95,814.52,28.88,208.92,4564.0
WN,SJC,21,Soir,1332,383,11.89,14.4,474.72,28.75,206.86,4553.87
F9,ORD,14,Apres-midi,493,196,23.19,19.22,882.06,39.76,246.61,4545.24
UA,DEN,14,Apres-midi,1723,436,10.41,18.87,931.09,25.3,188.55,4538.76
B6,LGA,14,Apres-midi,454,187,24.14,26.77,1060.9,41.19,252.1,4514.18
EV,DFW,15,Apres-midi,2025,447,10.09,13.46,443.05,22.07,168.04,4510.23
AA,LAX,18,Soir,1687,379,11.84,16.12,1182.24,22.47,166.98,4487.36
WN,TPA,16,Apres-midi,1606,414,10.83,16.91,821.33,25.78,190.31,4483.62
WN,DAL,12,Apres-midi,3677,737,6.06,9.95,606.45,20.04,164.53,4466.22
WN,MDW,12,Apres-midi,3334,710,6.27,12.29,849.0,21.3,172.79,4451.7
NK,LAS,22,Nuit,867,268,16.57,21.4,1979.9,30.91,209.14,4440.76
EV,MSP,19,Soir,1257,354,12.49,18.09,830.76,28.16,200.99,4421.46
B6,MCO,13,Apres-midi,1181,317,13.94,18.79,1026.53,26.84,189.89,4418.98
B6,JFK,23,Nuit,1004,314,14.07,17.58,1485.72,31.27,216.16,4417.98
EV,IAD,17,Soir,679,216,20.43,18.6,342.95,31.81,207.47,4412.88
B6,PBI,12,Apres-midi,506,205,21.5,23.89,1039.5,40.51,252.32,4407.5
WN,ABQ,16,Apres-midi,857,289,15.23,18.75,647.85,33.72,227.77,4401.47
EV,EWR,18,Soir,1212,340,12.93,15.36,457.09,28.05,199.18,4396.2
DL,DTW,17,Soir,4964,937,4.69,10.23,859.42,18.88,160.67,4394.53
B6,TPA,18,Soir,487,184,23.88,26.61,1008.08,37.78,233.87,4393.92
B6,JFK,14,Apres-midi,2562,623,7.05,14.79,1004.83,24.32,190.89,4392.15
NK,MCO,21,Soir,798,262,16.66,16.73,501.49,32.83,219.41,4364.92
F9,LGA,17,Soir,331,147,29.68,26.85,1096.0,44.41,257.81,4362.96
WN,MCO,21,Soir,1385,398,10.96,18.57,880.16,28.74,207.91,4362.08
UA,DCA,17,Soir,532,188,23.11,28.9,924.56,35.34,221.88,4344.68
DL,MCO,19,Soir,1092,301,14.42,21.3,947.0,27.56,192.83,4340.42
DL,SEA,11,Matin,1734,456,9.5,13.22,1674.51,26.3,196.17,4332.0
WN,LAX,11,Matin,2617,569,7.59,10.89,704.56,21.74,171.1,4318.71
B6,TPA,16,Apres-midi,485,187,23.09,26.95,1151.67,38.56,238.54,4317.83
OO,IAH,14,Apres-midi,1411,380,11.35,13.92,629.46,26.93,195.32,4313.0
WN,PHX,13,Apres-midi,3235,672,6.4,11.85,717.73,20.77,167.87,4300.8
WN,TPA,18,Soir,2287,527,8.16,15.44,921.35,23.04,178.22,4300.32
AA,MCO,17,Soir,1047,281,15.3,19.39,947.94,26.84,186.66,4299.3
AA,DFW,22,Nuit,3323,728,5.89,11.03,833.96,21.91,177.67,4287.92
WN,TPA,21,Soir,834,268,15.98,22.4,903.72,32.13,216.15,4282.64
WN,SJC,17,Soir,1098,328,13.04,14.75,446.03,29.87,209.15,4277.12
NK,MCO,17,Soir,434,174,24.58,24.72,981.39,40.09,243.56,4276.92
EV,DTW,19,Soir,2208,518,8.22,13.5,493.39,23.46,180.65,4257.96
MQ,DFW,15,Apres-midi,3299,676,6.29,9.69,513.1,20.49,166.0,4252.04
DL,ATL,23,Nuit,3195,624,6.81,12.74,298.25,19.53,157.6,4249.44
NK,DEN,13,Apres-midi,512,193,21.93,27.55,878.91,37.7,235.26,4232.49
WN,SMF,17,Soir,1205,326,12.97,14.87,405.68,27.05,191.92,4228.22
WN,MSY,19,Soir,1373,370,11.34,17.05,673.8,26.95,194.73,4195.8
OO,LAX,12,Apres-midi,2562,549,7.64,10.45,423.4,21.43,168.2,4194.36
EV,EWR,15,Apres-midi,2126,513,8.14,11.97,626.59,24.13,184.9,4175.82
UA,BOS,19,Soir,684,230,18.13,28.71,934.55,33.63,219.58,4169.9
NK,ORD,15,Apres-midi,667,219,18.99,22.95,1454.6,32.83,213.54,4158.81
NK,MSP,11,Matin,432,181,22.91,21.98,770.27,41.9,254.36,4146.71
F9,DEN,14,Apres-midi,2022,466,8.89,7.54,839.58,23.05,175.46,4142.74
NK,ORD,13,Apres-midi,410,175,23.66,26.87,664.38,42.68,256.87,4140.5
UA,IAH,10,Matin,3563,696,5.92,14.2,1274.82,19.53,159.73,4120.32
DL,JFK,20,Soir,940,310,13.28,23.38,1720.34,32.98,225.81,4116.8
WN,SJC,19,Soir,1103,314,13.05,15.89,600.64,28.47,199.48,4097.7
WN,MCO,15,Apres-midi,2475,536,7.63,14.23,967.76,21.66,169.26,4089.68
UA,ORD,10,Matin,2639,567,7.21,15.83,1046.78,21.49,169.31,4088.07
AA,ORD,16,Apres-midi,1977,467,8.71,15.98,1000.22,23.62,179.27,4067.57
NK,IAH,6,Matin,489,193,21.07,16.22,1124.98,39.47,244.49,4066.51
MQ,ORD,10,Matin,4009,813,4.99,9.63,478.58,20.28,168.25,4056.87
DL,LGA,16,Apres-midi,1595,415,9.77,21.11,714.64,26.02,191.9,4054.55
UA,DEN,12,Apres-midi,2712,591,6.85,15.73,1265.25,21.79,172.27,4048.35
WN,SAN,14,Apres-midi,2104,487,8.29,14.39,787.45,23.15,177.15,4037.23
NK,IAH,14,Apres-midi,505,174,23.12,24.47,1062.63,34.46,214.57,4022.88
WN,SFO,13,Apres-midi,1124,331,12.15,17.79,909.8,29.45,206.9,4021.65
WN,LGA,18,Soir,719,238,16.86,29.64,851.95,33.1,217.77,4012.68
F9,LAS,22,Nuit,531,187,21.36,25.96,1599.68,35.22,221.06,3994.32
OO,LAX,22,Nuit,1509,416,9.6,9.04,215.86,27.57,201.81,3993.6
DL,BOS,19,Soir,664,235,16.97,22.09,467.44,35.39,230.03,3987.95
WN,MCI,18,Soir,1600,401,9.92,14.55,713.64,25.06,184.9,3977.92
EV,TYS,16,Apres-midi,783,248,15.99,16.75,604.54,31.67,211.06,3965.52
DL,DTW,21,Soir,3258,650,6.1,12.6,496.04,19.95,161.38,3965.0
F9,DEN,10,Matin,1762,400,9.86,8.32,1081.92,22.7,169.68,3944.0
MQ,LGA,17,Soir,729,253,15.49,18.64,476.08,34.71,228.84,3918.97
B6,MCO,14,Apres-midi,908,251,15.59,17.96,994.41,27.64,188.29,3913.09
F9,ORD,7,Matin,527,172,22.74,21.59,1012.45,32.64,204.62,3911.28
WN,SMF,19,Soir,1000,298,13.12,15.81,431.86,29.8,205.88,3909.76
WN,OAK,12,Apres-midi,2110,489,7.96,11.48,909.33,23.18,177.44,3892.44
AA,CLT,14,Apres-midi,3351,685,5.68,7.92,688.62,20.44,165.92,3890.8
B6,FLL,15,Apres-midi,1058,288,13.5,19.6,1073.96,27.22,189.59,3888.0
EV,DTW,15,Apres-midi,3569,628,6.18,9.9,420.3,17.6,143.97,3881.04
AA,MCO,18,Soir,661,216,17.95,22.48,1277.79,32.68,212.27,3877.2
B6,BOS,15,Apres-midi,2244,499,7.76,11.67,711.54,22.24,171.61,3872.24
AA,ORD,17,Soir,3906,960,4.01,15.68,1333.98,24.58,203.29,3849.6
F9,MCO,14,Apres-midi,480,174,22.11,17.92,996.1,36.25,223.88,3847.14
EV,LGA,19,Soir,760,252,15.2,21.79,568.81,33.16,220.0,3830.4
WN,SAN,20,Soir,1409,388,9.85,17.15,570.47,27.54,199.7,3821.8
WN,DAL,22,Nuit,571,204,18.72,25.02,489.5,35.73,226.85,3818.88
OO,ORD,8,Matin,2094,457,8.27,10.87,451.57,21.82,166.86,3779.39
B6,JFK,15,Apres-midi,1863,501,7.51,17.21,1055.57,26.89,202.49,3762.51
EV,HPN,17,Soir,539,196,19.17,17.34,758.18,36.36,228.76,3757.32
NK,LAS,21,Soir,443,172,21.84,25.43,890.36,38.83,236.7,3756.48
NK,DTW,20,Soir,434,162,23.11,25.12,1436.22,37.33,226.79,3743.82
F9,DEN,16,Apres-midi,1506,374,9.98,11.78,964.14,24.83,181.7,3732.52
WN,PHL,17,Soir,730,231,16.11,25.31,809.92,31.64,208.65,3721.41
NK,LGA,19,Soir,334,148,25.11,26.91,1076.0,44.31,257.62,3716.28
EV,DEN,10,Matin,970,263,14.09,14.52,840.2,27.11,186.47,3705.67
WN,ABQ,18,Soir,768,265,13.97,18.69,644.68,34.51,229.32,3702.05
DL,ORD,17,Soir,301,144,25.64,23.84,344.84,47.84,273.19,3692.16
B6,LGA,16,Apres-midi,334,139,26.52,31.38,1034.63,41.62,241.98,3686.28
WN,STL,15,Apres-midi,1614,395,9.33,15.28,716.08,24.47,180.76,3685.35
OO,LAX,17,Soir,2294,488,7.55,9.08,467.49,21.27,164.6,3684.4
NK,ORD,18,Soir,438,155,23.76,26.21,963.41,35.39,215.33,3682.8
EV,ORD,21,Soir,2205,463,7.94,9.55,395.85,21.0,161.68,3676.22
UA,SFO,16,Apres-midi,2749,568,6.47,18.57,1915.97,20.66,163.61,3674.96
WN,MCI,17,Soir,1509,365,10.06,14.81,729.97,24.19,177.07,3671.9
OO,SFO,19,Soir,2592,553,6.63,8.55,438.46,21.33,167.67,3666.39
EV,DFW,21,Soir,1241,306,11.95,15.32,273.22,24.66,175.69,3656.7
F9,LAS,23,Nuit,848,270,13.54,17.04,1702.32,31.84,214.73,3655.8
NK,MCO,15,Apres-midi,371,144,25.36,26.66,864.99,38.81,229.71,3651.84
UA,IAD,22,Nuit,2013,489,7.46,18.69,1198.39,24.29,184.8,3647.94
AA,MCO,14,Apres-midi,1109,296,12.32,14.9,688.61,26.69,187.15,3646.72
B6,FLL,21,Soir,573,203,17.92,20.98,1059.59,35.43,225.07,3637.76
EV,ATL,10,Matin,5333,845,4.29,7.53,374.82,15.84,135.94,3625.05
B6,DCA,20,Soir,847,256,14.16,17.17,614.18,30.22,203.77,3624.96
WN,BNA,17,Soir,1407,357,10.15,17.18,744.33,25.37,183.93,3623.55
EV,IAH,17,Soir,3947,750,4.83,6.76,400.86,19.0,157.34,3622.5
OO,DEN,14,Apres-midi,3570,681,5.31,8.16,525.06,19.08,156.09,3616.11
VX,SFO,13,Apres-midi,1158,300,12.04,14.53,1098.55,25.91,182.8,3612.0
B6,LGA,13,Apres-midi,665,217,16.64,18.19,1001.23,32.63,212.14,3610.88
F9,ORD,13,Apres-midi,315,121,29.6,27.53,795.55,38.41,221.08,3581.6
F9,ATL,20,Soir,325,138,25.91,26.61,1299.09,42.46,245.71,3575.58
UA,LAX,12,Apres-midi,1416,342,10.44,17.52,1708.56,24.15,175.24,3570.48
EV,ATL,9,Matin,5342,800,4.46,6.51,405.89,14.98,128.58,3568.0
B6,FLL,16,Apres-midi,752,254,13.95,18.73,1027.42,33.78,223.76,3543.3
WN,SJC,14,Apres-midi,1348,340,10.38,13.55,590.53,25.22,181.76,3529.2
WN,AUS,16,Apres-midi,1312,326,10.82,14.73,716.41,24.85,178.42,3527.32
OO,LAX,15,Apres-midi,1924,436,8.09,10.07,377.04,22.66,171.37,3527.24
EV,DTW,17,Soir,1552,344,10.24,15.41,486.16,22.16,162.83,3522.56
UA,ORD,11,Matin,1680,403,8.73,17.74,981.01,23.99,178.18,3518.19
B6,SJU,20,Soir,713,230,15.27,21.27,1355.06,32.26,211.98,3512.1
F9,ORD,15,Apres-midi,442,155,22.65,21.39,1038.73,35.07,213.7,3510.75
WN,SMF,16,Apres-midi,989,281,12.42,15.72,490.25,28.41,195.96,3490.02
UA,IAH,9,Matin,4634,826,4.22,12.08,1361.79,17.82,150.43,3485.72
WN,HOU,13,Apres-midi,2252,451,7.71,12.81,685.85,20.03,154.63,3477.21
WN,OAK,21,Soir,968,288,12.04,14.89,459.83,29.75,204.57,3467.52
EV,ORD,15,Apres-midi,2483,466,7.42,9.78,348.92,18.77,146.74,3457.72
B6,RSW,16,Apres-midi,348,141,24.47,27.39,1108.11,40.52,237.25,3450.27
EV,DFW,11,Matin,1253,294,11.72,13.05,440.32,23.46,167.37,3445.68
AA,PHL,17,Soir,1242,346,9.94,15.32,1032.15,27.86,198.51,3439.24
WN,ATL,16,Apres-midi,1806,413,8.3,15.25,651.37,22.87,171.51,3427.9
EV,CRW,16,Apres-midi,637,199,17.22,16.86,723.78,31.24,201.76,3426.78
EV,LGA,20,Soir,1256,357,9.58,16.89,700.27,28.42,202.82,3420.06
WN,ONT,19,Soir,526,202,16.88,19.47,342.2,38.4,240.66,3409.76
VX,SFO,17,Soir,1112,287,11.88,13.68,861.52,25.81,181.05,3409.56
WN,SJC,16,Apres-midi,1053,290,11.73,14.75,504.74,27.54,191.69,3401.7
WN,BOS,20,Soir,495,174,19.53,26.61,550.42,35.15,218.16,3398.22
WN,TPA,14,Apres-midi,1482,353,9.61,14.41,833.13,23.82,173.93,3392.33
DL,JFK,18,Soir,2439,621,5.45,21.13,1780.59,25.46,198.58,3384.45
EV,IAH,13,Apres-midi,4514,762,4.43,4.49,567.72,16.88,142.05,3375.66
VX,SFO,18,Soir,732,219,15.39,15.8,423.38,29.92,197.39,3370.41
AA,BOS,17,Soir,1493,414,8.14,13.1,937.84,27.73,202.68,3369.96
NK,RSW,13,Apres-midi,369,142,23.7,22.47,1100.51,38.48,227.55,3365.4
MQ,DFW,11,Matin,2788,549,6.1,8.43,484.32,19.69,156.21,3348.9
UA,IAH,11,Matin,3473,654,5.11,15.55,1174.55,18.83,153.52,3341.94
US,CLT,14,Apres-midi,3793,728,4.58,7.64,658.93,19.19,158.15,3334.24
OO,ORD,7,Matin,2334,440,7.55,9.79,456.52,18.85,146.2,3322.0
WN,CMH,17,Soir,759,216,15.27,21.01,824.98,28.46,188.78,3298.32
NK,PHL,19,Soir,334,130,25.37,25.92,2176.0,38.92,226.29,3298.1
NK,MSY,19,Soir,334,124,26.58,27.31,674.0,37.13,215.88,3295.92
WN,SFO,20,Soir,791,248,13.27,18.9,464.9,31.35,209.25,3290.96
B6,EWR,18,Soir,439,152,21.59,29.48,1019.01,34.62,210.72,3281.68
OO,IAH,15,Apres-midi,919,239,13.73,14.99,592.85,26.01,177.5,3281.47
WN,CMH,19,Soir,449,169,19.41,23.53,633.41,37.64,229.95,3280.29
UA,LGA,18,Soir,508,169,19.38,32.44,1091.44,33.27,207.35,3275.22
EV,SAV,17,Soir,437,147,22.22,22.0,723.28,33.64,204.61,3266.34
NK,FLL,16,Apres-midi,527,179,18.12,19.94,911.75,33.97,212.96,3243.48
MQ,ORD,11,Matin,3296,636,5.09,10.23,381.47,19.3,156.34,3237.24
EV,DFW,14,Apres-midi,617,191,16.9,16.12,513.67,30.96,198.96,3227.9
VX,DAL,16,Apres-midi,529,169,19.1,14.46,1285.06,31.95,200.42,3227.9
US,PHL,16,Apres-midi,1208,332,9.72,13.09,1387.22,27.48,195.04,3227.04
OO,SMF,9,Matin,747,215,14.99,12.28,311.24,28.78,190.45,3222.85
F9,DEN,15,Apres-midi,974,263,12.25,12.3,762.35,27.0,185.83,3221.75
NK,DFW,19,Soir,372,134,24.04,22.68,895.53,36.02,213.3,3221.36
MQ,DFW,10,Matin,4628,810,3.97,6.7,400.68,17.5,147.7,3215.7
OO,IAH,21,Soir,1593,383,8.39,13.73,833.71,24.04,177.27,3213.37
WN,DCA,19,Soir,917,267,11.99,16.54,768.87,29.12,198.66,3201.33
DL,MIA,15,Apres-midi,1311,318,10.03,17.75,1069.28,24.26,174.17,3189.54
OO,ORD,11,Matin,1637,358,8.9,11.77,371.18,21.87,161.86,3186.2
WN,ONT,17,Soir,631,211,15.02,18.11,321.77,33.44,215.65,3169.22
UA,MIA,17,Soir,322,133,23.75,28.56,1086.34,41.3,238.62,3158.75
WN,TPA,20,Soir,1152,285,11.06,17.32,866.04,24.74,174.42,3152.1
F9,ORD,21,Soir,378,151,20.85,22.56,1652.65,39.95,237.2,3148.35
WN,SMF,14,Apres-midi,1481,349,9.02,13.02,569.9,23.57,172.09,3147.98
EV,MSP,17,Soir,591,195,16.12,18.29,839.43,32.99,210.59,3143.4
MQ,CMH,17,Soir,392,145,21.65,23.22,678.35,36.99,220.97,3139.25
WN,PDX,18,Soir,827,245,12.71,17.82,686.27,29.63,199.08,3113.95
MQ,BNA,14,Apres-midi,593,195,15.93,15.89,573.63,32.88,210.0,3106.35
OO,PSP,8,Matin,370,126,24.59,25.46,486.69,34.05,201.45,3098.34
WN,SNA,15,Apres-midi,905,240,12.87,16.66,436.63,26.52,180.58,3088.8
WN,SEA,17,Soir,703,217,14.12,17.85,795.64,30.87,202.41,3064.04
DL,MIA,19,Soir,780,234,13.06,18.97,894.78,30.0,199.82,3056.04
EV,IAH,16,Apres-midi,2258,441,6.92,8.21,545.94,19.53,150.82,3051.72
UA,MCO,16,Apres-midi,778,228,13.37,23.28,1364.03,29.31,195.15,3048.36
WN,RDU,18,Soir,943,271,11.23,15.85,756.27,28.74,196.87,3043.33
NK,DFW,23,Nuit,630,199,15.29,16.65,956.9,31.59,203.67,3042.71
AA,DCA,16,Apres-midi,929,258,11.77,14.0,763.02,27.77,189.81,3036.66
UA,BOS,16,Apres-midi,637,202,15.02,22.53,1024.07,31.71,204.79,3034.04
NK,ORD,10,Matin,538,193,15.69,17.86,1257.21,35.87,225.61,3028.17
UA,LAX,13,Apres-midi,1991,436,6.94,14.95,1522.9,21.9,166.37,3025.84
WN,MCO,22,Nuit,680,226,13.3,20.41,847.02,33.24,216.84,3005.8
US,LGA,19,Soir,418,145,20.71,20.93,315.41,34.69,209.45,3002.95
OO,CVG,15,Apres-midi,336,138,21.74,21.56,834.65,41.07,239.03,3000.12
WN,SEA,12,Apres-midi,959,265,11.27,14.72,1302.28,27.63,189.73,2986.55
OO,LAX,9,Matin,2402,468,6.38,7.78,621.28,19.48,151.64,2985.84
DL,ATL,18,Soir,5588,930,3.21,11.44,672.89,16.64,143.58,2985.3
AA,MIA,13,Apres-midi,1619,366,8.15,12.18,1000.23,22.61,167.09,2982.9
DL,LAX,21,Soir,722,212,14.07,18.98,1740.81,29.36,193.29,2982.84
UA,PHL,17,Soir,388,139,21.44,28.86,1256.99,35.82,213.62,2980.16
WN,DEN,14,Apres-midi,2149,494,6.03,12.38,808.29,22.99,176.41,2978.82
AA,RDU,18,Soir,863,254,11.72,14.45,802.3,29.43,198.99,2976.88
NK,LAX,20,Soir,333,108,27.53,31.38,1853.81,32.43,188.46,2973.24
EV,DFW,10,Matin,1711,363,8.19,9.93,399.42,21.22,157.99,2972.97
F9,MIA,13,Apres-midi,303,122,24.36,23.93,799.81,40.26,230.17,2971.92
UA,LAX,10,Matin,2074,415,7.14,17.07,1707.52,20.01,152.83,2963.1
F9,PHL,11,Matin,338,123,24.09,21.24,911.39,36.39,212.01,2963.07
B6,PBI,14,Apres-midi,403,150,19.7,24.71,1107.4,37.22,223.37,2955.0
DL,TPA,18,Soir,1147,273,10.79,17.01,920.02,23.8,167.69,2945.67
WN,SAN,12,Apres-midi,2205,460,6.38,11.54,863.44,20.86,160.6,2934.8
WN,BNA,15,Apres-midi,1563,365,7.97,14.9,707.31,23.35,171.74,2909.05
UA,MCO,18,Soir,861,227,12.75,22.06,1218.75,26.36,178.17,2894.25
WN,LAS,12,Apres-midi,4468,799,3.62,10.13,913.5,17.88,150.28,2892.38
DL,DTW,20,Soir,4396,819,3.53,11.38,909.86,18.63,156.28,2891.07
AA,DCA,15,Apres-midi,1329,329,8.76,9.28,722.4,24.76,178.1,2882.04
US,BOS,17,Soir,670,202,14.26,14.09,414.41,30.15,196.24,2880.52
AA,DCA,20,Soir,945,267,10.78,14.26,709.98,28.25,193.58,2878.26
DL,BOS,16,Apres-midi,1098,275,10.44,15.65,805.74,25.05,175.4,2871.0
WN,SAT,17,Soir,1108,312,9.2,16.34,826.67,28.16,197.44,2870.4
WN,BOS,18,Soir,490,182,15.76,24.31,1063.19,37.14,230.14,2868.32
WN,PHX,10,Matin,5042,869,3.3,7.92,1226.22,17.24,146.98,2867.7
AA,PHX,15,Apres-midi,1740,388,7.39,11.8,1553.53,22.3,166.41,2867.32
NK,BWI,18,Soir,302,113,25.28,31.47,925.0,37.42,213.81,2856.64
WN,HOU,12,Apres-midi,2603,466,6.11,10.34,737.2,17.9,140.78,2847.26
UA,LAX,11,Matin,1364,329,8.65,18.59,1833.63,24.12,174.12,2845.85
WN,SAN,21,Soir,1428,378,7.52,13.46,456.13,26.47,192.3,2842.56
NK,IAH,21,Soir,470,178,15.96,19.68,1279.56,37.87,233.08,2840.88
OO,ATL,19,Soir,645,174,16.3,17.51,632.49,26.98,174.58,2836.2
US,PHX,15,Apres-midi,1698,401,7.07,9.04,1619.83,23.62,175.68,2835.07
EV,BTR,17,Soir,650,197,14.37,12.61,350.8,30.31,196.36,2830.89
WN,JAX,20,Soir,319,134,21.05,22.34,457.29,42.01,242.33,2820.7
AA,PHL,16,Apres-midi,1513,378,7.46,12.35,1215.79,24.98,182.92,2819.88
US,DCA,17,Soir,1129,291,9.67,11.27,803.05,25.78,181.23,2813.97
MQ,DFW,8,Matin,3859,687,4.09,4.94,383.56,17.8,147.0,2809.83
WN,PHX,11,Matin,3634,640,4.39,10.96,898.55,17.61,144.37,2809.6
F9,DEN,18,Soir,822,228,12.31,12.86,732.69,27.74,186.22,2806.68
MQ,DFW,19,Soir,877,230,12.16,11.97,529.7,26.23,177.78,2796.8
WN,SJC,15,Apres-midi,1276,305,9.15,12.69,542.87,23.9,170.94,2790.75
EV,ATL,11,Matin,2533,453,6.16,8.21,287.43,17.88,140.14,2790.48
DL,LAX,11,Matin,2054,443,6.27,11.92,1557.43,21.57,164.54,2777.61
WN,SMF,18,Soir,974,258,10.75,13.23,439.05,26.49,182.32,2773.5
NK,LGA,21,Soir,334,131,21.11,19.36,733.0,39.22,228.03,2765.41
UA,SFO,15,Apres-midi,1956,438,6.31,17.6,1565.87,22.39,169.7,2763.78
UA,DEN,16,Apres-midi,813,213,12.94,20.48,1011.13,26.2,175.59,2756.22
DL,DCA,17,Soir,722,196,14.04,18.54,537.5,27.15,178.74,2751.84
NK,LAX,17,Soir,345,127,21.64,24.26,1584.25,36.81,215.21,2748.28
B6,HPN,15,Apres-midi,575,182,15.08,15.39,1070.5,31.65,201.17,2744.56
EV,LGA,14,Apres-midi,655,179,15.3,19.55,491.89,27.33,177.27,2738.7
NK,DFW,13,Apres-midi,565,165,16.59,16.75,974.5,29.2,185.09,2737.35
OO,LAX,10,Matin,2587,481,5.69,7.3,491.58,18.59,146.09,2736.89
UA,LAX,23,Nuit,1583,411,6.64,17.21,1969.11,25.96,191.27,2729.04
WN,SJC,13,Apres-midi,1282,299,9.11,11.45,581.43,23.32,166.9,2723.89
WN,AUS,20,Soir,1025,277,9.83,16.33,846.43,27.02,187.34,2722.91
AA,DEN,17,Soir,643,174,15.61,20.33,892.51,27.06,175.02,2716.14
UA,SFO,9,Matin,3038,555,4.88,11.47,1906.71,18.27,146.51,2708.4
F9,MCO,10,Matin,386,110,24.6,25.06,751.19,28.5,169.82,2706.0
F9,ATL,19,Soir,355,133,20.31,22.24,696.81,37.46,220.07,2701.23
VX,DAL,18,Soir,429,152,17.76,15.41,1015.2,35.43,214.84,2699.52
UA,LGA,16,Apres-midi,573,168,16.03,27.58,1056.38,29.32,186.26,2693.04
DL,LGA,21,Soir,560,183,14.71,22.05,451.75,32.68,206.86,2691.93
NK,LAS,17,Soir,748,201,13.37,15.23,1087.94,26.87,177.85,2687.37
B6,SFO,10,Matin,328,130,20.57,27.17,2552.73,39.63,229.7,2674.1
WN,CMH,18,Soir,567,173,15.44,19.83,463.44,30.51,193.5,2671.12
F9,ATL,8,Matin,325,99,26.95,26.94,689.34,30.46,176.27,2668.05
EV,ABE,17,Soir,445,141,18.92,19.25,527.6,31.69,193.32,2667.72
EV,ORD,9,Matin,3732,641,4.16,5.33,420.52,17.18,141.3,2666.56
F9,TTN,17,Soir,394,146,18.26,18.07,908.51,37.06,221.58,2665.96
MQ,DFW,7,Matin,2447,451,5.9,6.42,544.36,18.43,143.81,2660.9
UA,SFO,22,Nuit,4051,816,3.26,12.54,1824.24,20.14,167.3,2660.16
WN,ABQ,19,Soir,475,160,16.62,20.85,513.25,33.68,207.65,2659.2
MQ,XNA,17,Soir,348,119,22.2,22.94,810.5,34.2,200.24,2641.8
AA,ORD,10,Matin,3677,723,3.64,11.58,1178.78,19.66,161.41,2631.72
OO,SFO,18,Soir,1789,362,7.26,10.14,511.2,20.23,151.52,2628.12
EV,IAH,21,Soir,4364,744,3.53,6.31,322.78,17.05,142.9,2626.32
WN,FLL,19,Soir,1280,324,8.1,16.84,857.86,25.31,181.1,2624.4
UA,SFO,17,Soir,2217,469,5.59,15.15,1455.36,21.15,162.95,2621.71
DL,MCO,18,Soir,1314,294,8.88,16.31,1076.26,22.37,160.65,2610.72
EV,RDU,19,Soir,518,146,17.86,19.99,466.3,28.19,176.24,2607.56
WN,DTW,18,Soir,550,177,14.73,19.61,477.58,32.18,203.11,2607.21
B6,SJU,16,Apres-midi,416,148,17.61,22.16,870.69,35.58,214.66,2606.28
NK,MSY,11,Matin,334,117,22.25,18.95,926.0,35.03,203.67,2603.25
B6,DCA,18,Soir,646,187,13.9,16.82,567.58,28.95,187.37,2599.3
DL,MSY,17,Soir,889,226,11.5,14.62,845.79,25.42,172.63,2599.0
OO,DEN,12,Apres-midi,1595,355,7.31,10.03,644.43,22.26,164.17,2595.05
NK,MYR,14,Apres-midi,393,152,17.0,18.9,592.01,38.68,231.17,2584.0
WN,LAS,11,Matin,3346,590,4.37,9.48,685.89,17.63,143.08,2578.3
UA,SFO,20,Soir,1397,322,7.98,15.4,958.22,23.05,166.95,2569.56
AA,ORD,12,Apres-midi,2947,589,4.36,15.7,1106.26,19.99,159.7,2568.04
DL,MCO,17,Soir,1006,251,10.23,17.52,952.71,24.95,172.52,2567.73
WN,MCO,13,Apres-midi,2174,425,6.04,12.17,879.77,19.55,150.24,2567.0
WN,SMF,13,Apres-midi,1107,261,9.82,11.47,607.3,23.58,165.3,2563.02
EV,BTR,8,Matin,615,154,16.63,16.14,398.75,25.04,160.84,2561.02
NK,TPA,13,Apres-midi,318,113,22.61,23.12,786.3,35.53,204.84,2554.93
UA,MCO,13,Apres-midi,726,193,13.23,19.12,857.8,26.58,175.13,2553.39
WN,PHL,18,Soir,595,194,13.16,24.73,1044.73,32.61,208.39,2553.04
WN,RSW,18,Soir,751,200,12.73,16.21,872.18,26.63,176.36,2546.0
OO,PHX,18,Soir,1573,330,7.71,9.82,527.82,20.98,154.44,2544.3
WN,EWR,18,Soir,574,171,14.85,28.39,906.89,29.79,189.3,2539.35
UA,DCA,16,Apres-midi,530,156,16.27,22.05,1068.45,29.43,184.67,2538.12
US,PHL,13,Apres-midi,1388,327,7.73,9.27,984.97,23.56,170.49,2527.71
MQ,LGA,14,Apres-midi,716,218,11.59,13.15,737.09,30.45,200.21,2526.62
NK,DEN,20,Soir,349,123,20.44,20.51,661.72,35.24,206.43,2514.12
UA,ANC,20,Soir,327,123,20.43,30.39,2952.61,37.61,217.88,2512.89
WN,MDW,11,Matin,3725,667,3.75,9.62,818.94,17.91,147.28,2501.25
UA,HNL,14,Apres-midi,471,148,16.75,21.7,3395.93,31.42,193.45,2479.0
B6,BOS,21,Soir,326,124,19.94,20.52,950.67,38.04,220.25,2472.56
EV,DEN,19,Soir,1071,272,9.07,9.2,530.03,25.4,177.22,2467.04
VX,SFO,11,Matin,1107,258,9.55,9.79,1072.22,23.31,163.41,2463.9
B6,RSW,19,Soir,453,151,16.3,21.47,1128.47,33.33,203.92,2461.3
WN,HOU,11,Matin,2278,415,5.93,10.34,782.87,18.22,140.87,2460.95
EV,CAE,17,Soir,399,133,18.5,17.51,593.76,33.33,199.7,2460.5
AA,TPA,17,Soir,716,202,12.18,15.48,714.49,28.21,185.48,2460.36
B6,FLL,13,Apres-midi,948,248,9.9,15.39,1032.32,26.16,179.34,2455.2
WN,SMF,22,Nuit,516,169,14.48,17.15,441.71,32.75,204.62,2447.12
NK,ACY,17,Soir,334,120,20.39,18.77,668.06,35.93,208.9,2446.8
DL,MCO,15,Apres-midi,959,228,10.67,17.13,759.52,23.77,163.23,2432.76
AA,SFO,12,Apres-midi,969,249,9.75,14.1,1568.44,25.7,176.75,2427.75
WN,LGA,16,Apres-midi,798,231,10.5,30.32,1216.07,28.95,193.48,2425.5
NK,ACY,18,Soir,363,128,18.94,19.9,796.27,35.26,207.93,2424.32
UA,TPA,16,Apres-midi,552,167,14.49,19.86,1052.34,30.25,191.04,2419.83
WN,SEA,15,Apres-midi,717,196,12.31,16.11,1092.88,27.34,179.8,2412.76
MQ,XNA,6,Matin,639,139,17.34,15.85,565.26,21.75,140.54,2410.26
NK,IAH,12,Apres-midi,338,126,19.12,19.6,875.3,37.28,217.19,2409.12
AA,TPA,19,Soir,698,182,13.23,13.04,741.85,26.07,170.75,2407.86
WN,LAX,10,Matin,1790,375,6.41,9.92,789.39,20.95,156.93,2403.75
B6,SJU,17,Soir,520,173,13.89,18.06,1247.08,33.27,208.13,2402.97
US,BOS,19,Soir,605,180,13.26,13.23,579.08,29.75,190.6,2386.8
UA,MCO,17,Soir,515,152,15.7,23.65,1428.72,29.51,184.32,2386.4
OO,ORD,21,Soir,2155,445,5.35,8.79,310.94,20.65,158.51,2380.75
EV,LGA,15,Apres-midi,879,217,10.97,17.73,457.24,24.69,167.4,2380.49
NK,DTW,16,Apres-midi,438,146,16.28,19.2,651.58,33.33,202.8,2376.88
AA,IAH,16,Apres-midi,441,131,18.14,19.61,549.53,29.71,180.97,2376.34
UA,LGA,17,Soir,529,157,15.11,25.36,1177.76,29.68,186.18,2372.27
WN,HOU,10,Matin,4053,629,3.77,7.67,745.56,15.52,128.93,2371.33
B6,SJU,19,Soir,1139,282,8.4,15.1,1427.77,24.76,174.28,2368.8
WN,SNA,16,Apres-midi,1229,272,8.7,12.96,418.67,22.13,157.45,2366.4
F9,ATL,12,Apres-midi,308,92,25.64,22.04,505.0,29.87,171.25,2358.88
OO,LAX,13,Apres-midi,2124,402,5.84,7.32,348.85,18.93,145.03,2347.68
OO,LAX,14,Apres-midi,1758,338,6.94,9.27,344.39,19.23,143.7,2345.72
UA,ORD,22,Nuit,1083,295,7.9,21.88,1356.14,27.24,190.36,2330.5
NK,LAS,23,Nuit,865,231,10.08,15.4,2040.91,26.71,180.66,2328.48
OO,FAT,15,Apres-midi,486,144,16.16,16.32,419.81,29.63,183.36,2327.04
UA,ORD,8,Matin,2704,541,4.3,12.66,1171.72,20.01,158.14,2326.3
UA,MSY,14,Apres-midi,309,102,22.76,27.55,946.63,33.01,189.36,2321.52
AA,CLT,13,Apres-midi,3149,567,4.09,7.12,625.9,18.01,145.07,2319.03
US,DCA,19,Soir,616,175,13.2,12.77,553.88,28.41,182.53,2310.0
EV,ATL,8,Matin,3910,551,4.19,4.23,375.74,14.09,116.55,2308.69
EV,EWR,14,Apres-midi,2096,444,5.19,9.71,508.88,21.18,161.99,2304.36
WN,SEA,13,Apres-midi,830,221,10.36,14.58,1087.84,26.63,179.02,2289.56
OO,IAH,13,Apres-midi,1013,239,9.56,10.94,765.78,23.59,163.28,2284.84
WN,SFO,16,Apres-midi,574,161,14.18,17.87,467.37,28.05,178.24,2282.98
EV,BTV,16,Apres-midi,383,145,15.68,15.07,669.77,37.86,225.29,2273.6
OO,ORD,6,Matin,1688,343,6.62,8.34,426.64,20.32,151.02,2270.66
NK,DFW,10,Matin,552,165,13.76,14.3,1022.08,29.89,188.77,2270.4
NK,ATL,10,Matin,567,161,14.1,17.09,835.54,28.4,180.12,2270.1
OO,DFW,16,Apres-midi,528,145,15.59,19.81,1153.6,27.46,172.2,2260.55
VX,LAX,13,Apres-midi,1133,263,8.59,12.33,1764.89,23.21,163.25,2259.17
OO,DEN,16,Apres-midi,812,222,10.16,12.5,453.62,27.34,183.2,2255.52
MQ,LGA,21,Soir,458,156,14.41,14.25,458.64,34.06,208.76,2247.96
AS,SEA,21,Soir,3142,609,3.69,4.97,1010.87,19.38,156.07,2247.21
WN,MCI,15,Apres-midi,1276,283,7.94,13.4,784.63,22.18,158.64,2247.02
B6,FLL,14,Apres-midi,804,209,10.73,16.19,992.03,26.0,173.96,2242.57
OO,COS,8,Matin,1198,226,9.92,10.43,473.48,18.86,133.7,2241.92
OO,SBA,8,Matin,347,116,19.24,20.12,323.76,33.43,195.64,2231.84
UA,MCO,19,Soir,576,174,12.82,20.73,1216.17,30.21,192.07,2230.68
B6,SFO,14,Apres-midi,469,149,14.93,19.54,2294.58,31.77,195.47,2224.57
B6,JFK,18,Soir,2235,537,4.14,16.47,1669.12,24.03,185.33,2223.18
WN,SAT,18,Soir,920,246,9.02,15.7,685.38,26.74,182.51,2218.92
OO,DTW,15,Apres-midi,1689,314,7.06,9.46,289.08,18.59,138.17,2216.84
US,PHX,16,Apres-midi,1949,377,5.87,8.68,1166.37,19.34,146.51,2212.99
WN,FLL,18,Soir,1479,348,6.29,18.66,1107.2,23.53,171.76,2188.92
OO,CVG,16,Apres-midi,559,147,14.89,15.17,312.69,26.3,166.42,2188.83
OO,CVG,20,Soir,902,198,11.03,14.69,418.25,21.95,149.39,2183.94
WN,SLC,18,Soir,651,190,11.49,15.6,465.88,29.19,189.15,2183.1
WN,ONT,15,Apres-midi,481,145,15.05,20.58,478.74,30.15,186.27,2182.25
EV,VPS,15,Apres-midi,497,138,15.77,17.11,587.71,27.77,172.47,2176.26
UA,EWR,13,Apres-midi,2565,533,4.08,15.69,1442.17,20.78,163.13,2174.64
EV,HPN,15,Apres-midi,317,111,19.58,20.85,780.0,35.02,201.79,2173.38
WN,LGA,17,Soir,927,248,8.76,26.74,1005.05,26.75,182.78,2172.48
DL,SLC,20,Soir,3511,600,3.62,7.69,759.64,17.09,139.52,2172.0
UA,IAD,19,Soir,676,194,11.18,19.93,2089.67,28.7,187.06,2168.92
DL,ORD,16,Apres-midi,571,159,13.64,19.73,478.74,27.85,176.82,2168.76
NK,BWI,8,Matin,437,144,15.04,18.08,1734.52,32.95,200.41,2165.76
OO,MSP,15,Apres-midi,2426,402,5.37,7.85,518.52,16.57,129.15,2158.74
NK,MSP,16,Apres-midi,334,118,18.29,21.39,1213.98,35.33,205.41,2158.22
UA,LAX,15,Apres-midi,844,202,10.67,18.07,1170.58,23.93,161.27,2155.34
DL,ORD,18,Soir,457,118,18.26,26.72,719.87,25.82,158.2,2154.68
UA,ATL,17,Soir,352,120,17.93,24.91,903.05,34.09,199.99,2151.6
AA,BOS,19,Soir,1194,321,6.67,12.32,1150.99,26.88,190.47,2141.07
MQ,MIA,21,Soir,1132,261,8.2,10.82,601.24,23.06,162.17,2140.2
OO,BIS,17,Soir,572,167,12.8,8.9,455.09,29.2,185.45,2137.6
B6,LAS,23,Nuit,657,186,11.43,17.35,2311.77,28.31,183.71,2125.98
AA,LAS,16,Apres-midi,764,176,12.06,14.03,733.51,23.04,152.98,2122.56
DL,LAX,17,Soir,1131,241,8.8,14.31,1979.89,21.31,149.85,2120.8
OO,DTW,17,Soir,771,183,11.56,14.07,245.76,23.74,157.85,2115.48
WN,ABQ,15,Apres-midi,587,180,11.72,16.59,760.92,30.66,195.51,2109.6
WN,MCI,20,Soir,873,218,9.67,16.42,619.69,24.97,169.12,2108.06
WN,SEA,16,Apres-midi,503,150,14.05,18.97,1009.79,29.82,185.56,2107.5
EV,BTR,6,Matin,728,158,13.3,9.37,388.62,21.7,143.04,2101.4
VX,DAL,13,Apres-midi,393,126,16.67,15.12,1340.58,32.06,191.6,2100.42
OO,SMF,18,Soir,685,185,11.35,10.55,448.66,27.01,176.4,2099.75
NK,LGA,18,Soir,332,114,18.39,21.48,563.0,34.34,199.45,2096.46
WN,AUS,15,Apres-midi,909,228,9.18,14.42,493.62,25.08,170.88,2093.04
NK,DTW,7,Matin,1021,239,8.75,10.45,977.09,23.41,162.22,2091.25
WN,PDX,16,Apres-midi,624,180,11.61,15.88,702.87,28.85,185.73,2089.8
NK,LGA,16,Apres-midi,334,118,17.68,20.63,502.0,35.33,205.41,2086.24
WN,DEN,12,Apres-midi,4627,763,2.73,9.38,872.78,16.49,139.17,2082.99
EV,BTR,7,Matin,561,137,15.14,12.68,374.43,24.42,154.62,2074.18
DL,JFK,21,Soir,586,192,10.8,25.09,1337.43,32.76,208.85,2073.6
WN,DCA,16,Apres-midi,1469,313,6.62,13.9,786.7,21.31,155.41,2072.06
EV,IAH,12,Apres-midi,4596,707,2.93,3.5,575.47,15.38,129.7,2071.51
NK,ACY,10,Matin,491,135,15.32,16.35,873.34,27.49,170.4,2068.2
OO,BOI,17,Soir,581,154,13.4,14.08,601.53,26.51,168.78,2063.6
MQ,XNA,7,Matin,465,110,18.74,20.54,557.37,23.66,145.37,2061.4
WN,PHX,12,Apres-midi,3158,541,3.81,9.8,696.4,17.13,138.03,2061.21
B6,DEN,23,Nuit,642,184,11.17,15.77,1691.6,28.66,185.32,2055.28
DL,LAX,10,Matin,1853,367,5.6,10.13,1669.47,19.81,149.07,2055.2
DL,SEA,18,Soir,1009,240,8.56,10.93,1349.05,23.79,164.57,2054.4
AS,SFO,19,Soir,334,117,17.53,15.37,679.0,35.03,203.67,2051.01
DL,MIA,17,Soir,726,192,10.66,17.08,956.29,26.45,174.28,2046.72
OO,BOI,10,Matin,701,180,11.32,13.2,545.26,25.68,168.31,2037.6
UA,ANC,23,Nuit,381,118,17.25,27.38,2460.56,30.97,184.13,2035.5
NK,FLL,15,Apres-midi,475,143,14.21,18.17,905.27,30.11,185.64,2032.03
AA,ORD,11,Matin,2375,466,4.35,13.36,1044.61,19.62,152.51,2027.1
AA,IAD,17,Soir,431,153,13.23,14.13,1380.9,35.5,215.43,2024.19
EV,STL,15,Apres-midi,316,99,20.44,20.1,773.11,31.33,180.43,2023.56
US,DCA,18,Soir,333,109,18.56,15.12,357.71,32.73,190.2,2023.04
OO,MSP,17,Soir,2177,414,4.88,7.6,527.85,19.02,146.19,2020.32
WN,DEN,11,Matin,3623,640,3.15,10.18,1008.09,17.66,144.73,2016.0
EV,IAH,14,Apres-midi,4212,645,3.12,5.5,415.89,15.31,127.78,2012.4
OO,IAH,18,Soir,654,189,10.63,15.68,1012.46,28.9,187.41,2009.07
AA,LAX,14,Apres-midi,1783,358,5.61,10.39,1792.54,20.08,150.33,2008.38
WN,SEA,21,Soir,306,119,16.87,22.47,765.69,38.89,222.72,2007.53
DL,LAX,13,Apres-midi,1696,366,5.48,11.17,1484.13,21.58,160.48,2005.68
AA,LGA,19,Soir,1105,298,6.73,15.78,819.48,26.97,189.02,2005.54
WN,ONT,14,Apres-midi,643,175,11.46,15.14,523.39,27.22,176.05,2005.5
VX,SFO,20,Soir,1260,250,8.02,10.31,504.01,19.84,141.65,2005.0
F9,DEN,13,Apres-midi,432,133,15.07,13.58,849.93,30.79,186.92,2004.31
B6,PBI,13,Apres-midi,434,133,15.06,16.92,1104.21,30.65,186.21,2002.98
WN,BHM,18,Soir,528,148,13.53,17.01,604.47,28.03,175.78,2002.44
AA,SFO,14,Apres-midi,871,206,9.72,14.23,1371.41,23.65,160.13,2002.32
OO,ORD,10,Matin,1878,363,5.51,8.65,336.69,19.33,145.72,2000.13
WN,OAK,11,Matin,2023,344,5.8,9.21,722.71,17.0,129.42,1995.2
WN,SMF,15,Apres-midi,1134,240,8.31,11.38,565.78,21.16,148.85,1994.4
OO,SFO,20,Soir,1410,284,7.02,9.41,389.22,20.14,146.06,1993.68
B6,DCA,17,Soir,468,127,15.68,16.77,430.06,27.14,166.93,1991.36
UA,CLE,17,Soir,565,156,12.75,19.4,599.5,27.61,175.01,1989.0
US,LGA,17,Soir,459,142,13.99,14.48,335.12,30.94,189.7,1986.58
NK,FLL,7,Matin,2547,442,4.49,5.76,876.19,17.35,136.08,1984.58
WN,DAL,11,Matin,2751,474,4.18,8.39,576.8,17.23,136.46,1981.32
B6,BDL,17,Soir,329,116,17.08,16.8,837.71,35.26,204.48,1981.28
WN,AUS,19,Soir,942,219,9.04,16.52,834.6,23.25,159.24,1979.76
MQ,RDU,18,Soir,317,105,18.84,20.32,429.86,33.12,190.84,1978.2
NK,ATL,7,Matin,590,152,13.01,12.01,581.15,25.76,164.4,1977.52
WN,RDU,16,Apres-midi,617,178,11.1,14.81,638.29,28.85,185.4,1975.8
EV,DFW,8,Matin,2533,426,4.63,6.3,336.05,16.82,131.83,1972.38
NK,DFW,6,Matin,1345,285,6.92,5.48,1110.98,21.19,152.67,1972.2
UA,LAX,20,Soir,650,172,11.42,19.91,1118.9,26.46,171.42,1964.24
WN,ELP,17,Soir,314,105,18.7,20.09,524.49,33.44,192.37,1963.5
NK,LAX,15,Apres-midi,418,117,16.77,16.0,465.69,27.99,169.0,1962.09
DL,MSP,17,Soir,7206,1324,1.48,8.28,1139.82,18.37,163.18,1959.52
NK,DEN,15,Apres-midi,352,117,16.73,18.87,769.71,33.24,195.0,1957.41
WN,MKE,16,Apres-midi,750,192,10.19,18.59,834.46,25.6,169.51,1956.48
OO,LAX,11,Matin,1381,289,6.76,9.0,424.34,20.93,151.35,1953.64
OO,SBA,12,Apres-midi,471,128,15.26,17.09,264.7,27.18,167.35,1953.28
MQ,CVG,18,Soir,473,139,14.05,15.14,469.92,29.39,181.08,1952.95
NK,RSW,21,Soir,336,112,17.41,17.22,1045.66,33.33,193.98,1949.92
B6,JFK,13,Apres-midi,2633,531,3.67,11.29,915.4,20.17,158.86,1948.77
OO,DTW,19,Soir,1096,221,8.81,11.73,226.44,20.16,141.13,1947.01
AS,SEA,11,Matin,3579,610,3.19,4.89,1209.95,17.04,139.44,1945.9
WN,BWI,12,Apres-midi,2273,390,4.96,10.32,701.1,17.16,132.63,1934.4
DL,LAS,13,Apres-midi,1057,221,8.73,12.57,1386.64,20.91,145.62,1929.33
OO,DEN,20,Soir,729,195,9.89,11.9,401.32,26.75,176.36,1928.55
WN,SAT,16,Apres-midi,907,229,8.42,13.34,779.83,25.25,171.98,1928.18
B6,LGA,17,Soir,331,110,17.52,21.09,950.0,33.23,192.9,1927.2
B6,TPA,14,Apres-midi,607,145,13.29,16.78,962.68,23.89,153.14,1927.05
WN,MSY,18,Soir,960,217,8.87,14.56,735.77,22.6,155.22,1924.79
OO,FAT,8,Matin,525,142,13.54,11.09,246.9,27.05,169.48,1922.68
WN,SFO,10,Matin,853,213,9.02,14.03,619.86,24.97,168.55,1921.26
B6,JFK,17,Soir,2481,532,3.61,13.99,1167.38,21.44,167.59,1920.52
NK,LAX,9,Matin,602,160,12.0,14.91,1234.2,26.58,170.16,1920.0
OO,AUS,12,Apres-midi,303,92,20.85,28.22,1217.69,30.36,173.57,1918.2
WN,SJC,22,Nuit,651,202,9.49,17.51,433.88,31.03,201.08,1916.98
DL,PBI,14,Apres-midi,416,114,16.74,23.28,930.58,27.4,165.31,1908.36
OO,MSP,13,Apres-midi,2599,418,4.54,6.4,399.95,16.08,126.44,1897.72
WN,MKE,19,Soir,778,194,9.78,16.06,813.49,24.94,166.05,1897.32
WN,SAN,11,Matin,2187,389,4.87,9.91,686.47,17.79,136.82,1894.43
OO,SFO,17,Soir,1511,304,6.23,10.1,573.03,20.12,147.3,1893.92
F9,PHL,10,Matin,339,121,15.65,13.58,703.25,35.69,208.04,1893.65
HA,HNL,13,Apres-midi,2987,465,4.07,3.45,1437.3,15.57,124.6,1892.55
F9,CLE,6,Matin,497,104,18.14,20.1,958.29,20.93,129.99,1886.56
VX,LAX,9,Matin,484,133,14.14,14.82,772.48,27.48,169.94,1880.62
OO,DFW,15,Apres-midi,425,122,15.39,15.45,542.2,28.71,173.82,1877.58
WN,BWI,11,Matin,2935,437,4.29,10.39,719.28,14.89,118.89,1874.73
OO,DEN,13,Apres-midi,1009,226,8.29,10.96,605.68,22.4,154.96,1873.54
AA,CLT,15,Apres-midi,643,171,10.95,10.24,728.35,26.59,171.98,1872.45
EV,LFT,14,Apres-midi,444,114,16.41,14.66,353.77,25.68,156.6,1870.74
VX,LAX,15,Apres-midi,660,172,10.85,12.78,1181.71,26.06,169.23,1866.2
DL,LAX,18,Soir,1243,256,7.27,10.93,1328.32,20.6,146.8,1861.12
EV,BTR,10,Matin,341,102,18.22,15.5,415.21,29.91,174.52,1858.44
EV,DFW,9,Matin,1002,195,9.52,9.25,288.92,19.46,134.48,1856.4
F9,SEA,19,Soir,328,103,18.01,18.52,1024.0,31.4,182.0,1855.03
OO,PHX,19,Soir,1497,302,6.14,7.03,389.44,20.17,147.48,1854.28
WN,DCA,18,Soir,970,238,7.78,13.32,719.09,24.54,168.79,1851.64
WN,SFO,15,Apres-midi,907,221,8.37,15.35,606.28,24.37,165.99,1849.77
WN,BOS,16,Apres-midi,739,205,9.02,17.06,823.13,27.74,183.27,1849.1
OO,SEA,18,Soir,1381,263,7.03,10.4,660.24,19.04,137.68,1848.89
WN,SFO,21,Soir,466,137,13.47,17.9,453.58,29.4,180.7,1845.39
EV,BHM,16,Apres-midi,487,133,13.84,16.74,669.4,27.31,169.06,1840.72
UA,ATL,18,Soir,317,111,16.56,24.47,1070.77,35.02,201.79,1838.16
AA,JFK,19,Soir,641,188,9.76,22.41,1813.0,29.33,189.61,1834.88
HA,OGG,15,Apres-midi,1263,254,7.22,6.91,924.09,20.11,143.63,1833.88
WN,SAN,13,Apres-midi,1937,381,4.81,11.58,1015.99,19.67,148.89,1832.61
WN,LGA,19,Soir,342,110,16.59,26.82,730.33,32.16,187.74,1824.9
NK,IAH,10,Matin,373,112,16.24,18.01,1128.34,30.03,177.91,1818.88
WN,SAT,19,Soir,896,218,8.34,14.29,635.24,24.33,165.42,1818.12
B6,DCA,15,Apres-midi,762,191,9.51,10.36,592.39,25.07,166.4,1816.41
B6,LAX,23,Nuit,572,180,10.09,15.11,2543.4,31.47,199.86,1816.2
DL,PBI,18,Soir,320,99,18.34,26.06,993.66,30.94,178.57,1815.66
WN,SNA,18,Soir,1151,261,6.95,10.43,364.27,22.68,159.88,1813.95
WN,MSY,17,Soir,1032,245,7.4,12.78,759.04,23.74,164.76,1813.0
UA,EWR,9,Matin,2800,579,3.13,12.26,2028.07,20.68,164.15,1812.27
US,CLT,13,Apres-midi,3207,534,3.39,6.45,620.9,16.65,134.42,1810.26
UA,AUS,17,Soir,318,100,18.1,28.13,1005.76,31.45,181.32,1810.0
OO,BOI,14,Apres-midi,500,116,15.6,17.26,751.47,23.2,144.23,1809.6
AA,PHX,14,Apres-midi,1544,307,5.89,8.52,1155.17,19.88,145.97,1808.23
NK,LGA,11,Matin,334,122,14.81,12.5,563.0,36.53,212.39,1806.82
EV,CVG,18,Soir,373,114,15.78,16.82,706.52,30.56,181.05,1798.92
DL,LAX,15,Apres-midi,979,229,7.85,12.91,1323.56,23.39,161.1,1797.65
OO,SFO,9,Matin,1416,276,6.51,7.03,527.26,19.49,141.43,1796.76
UA,SFO,23,Nuit,1649,332,5.41,15.4,2034.34,20.13,149.13,1796.12
DL,LGA,14,Apres-midi,1690,385,4.64,13.86,844.14,22.78,169.33,1786.4
DL,BOS,15,Apres-midi,391,110,16.23,15.03,583.65,28.13,167.97,1785.3
OO,SJC,19,Soir,342,117,15.25,12.63,488.85,34.21,199.71,1784.25
DL,ORD,15,Apres-midi,600,149,11.96,18.12,479.97,24.83,158.88,1782.04
MQ,JFK,15,Apres-midi,980,230,7.73,16.64,504.62,23.47,161.67,1777.9
EV,AVP,17,Soir,414,120,14.77,14.79,513.07,28.99,174.76,1772.4
US,CLT,15,Apres-midi,620,158,11.2,11.92,481.88,25.48,163.87,1769.6
AA,PHX,13,Apres-midi,2269,401,4.41,8.37,1223.72,17.67,136.55,1768.41
OO,SMF,12,Apres-midi,404,119,14.86,14.73,211.66,29.46,176.87,1768.34
AS,SEA,12,Apres-midi,2553,443,3.99,4.81,1032.95,17.35,136.12,1767.57
OO,FSD,17,Soir,410,126,14.02,10.41,381.4,30.73,184.95,1766.52
UA,IAD,18,Soir,979,249,7.09,20.65,1975.78,25.43,175.15,1765.41
UA,BWI,17,Soir,386,118,14.95,21.85,1118.9,30.57,182.15,1764.1
OO,SAN,14,Apres-midi,668,174,10.1,8.42,200.27,26.05,169.48,1757.4
WN,BUR,21,Soir,873,209,8.4,12.74,322.15,23.94,162.15,1755.6
F9,MCO,8,Matin,528,124,14.13,13.42,857.2,23.48,147.24,1752.12
DL,DCA,19,Soir,669,159,11.0,16.4,589.87,23.77,154.68,1749.0
OO,LAX,8,Matin,3719,539,3.24,5.81,587.77,14.49,119.13,1746.36
AS,SFO,20,Soir,825,190,9.19,11.08,611.55,23.03,154.68,1746.1
WN,SNA,14,Apres-midi,1369,286,6.1,11.32,739.73,20.89,150.88,1744.6
WN,STL,14,Apres-midi,1427,285,6.12,11.44,710.19,19.97,145.06,1744.2
EV,LFT,17,Soir,503,134,12.97,11.71,331.85,26.64,165.77,1737.98
DL,LAX,14,Apres-midi,1004,220,7.88,12.67,1873.31,21.91,151.46,1733.6
AA,LGA,17,Soir,1233,304,5.7,16.17,829.85,24.66,175.53,1732.8
B6,LAS,13,Apres-midi,402,127,13.64,24.43,1859.73,31.59,189.51,1732.28
MQ,DTW,14,Apres-midi,315,102,16.97,17.77,429.1,32.38,186.37,1730.94
OO,OKC,16,Apres-midi,565,165,10.49,14.28,992.72,29.2,185.09,1730.85
WN,SEA,11,Matin,1044,234,7.39,10.23,1184.44,22.41,155.79,1729.26
AA,PHL,20,Soir,2118,473,3.65,11.07,1112.59,22.33,171.02,1726.45
AA,SEA,13,Apres-midi,478,132,13.07,16.38,1840.54,27.62,170.46,1725.24
AA,LAX,12,Apres-midi,2398,497,3.47,8.08,1441.92,20.73,161.34,1724.59
B6,LAX,15,Apres-midi,430,132,13.06,17.56,2415.86,30.7,186.23,1723.92
DL,JFK,16,Apres-midi,1953,446,3.85,17.29,1704.99,22.84,173.07,1717.1
UA,SAN,13,Apres-midi,971,235,7.3,17.34,1529.32,24.2,166.48,1715.5
WN,ISP,14,Apres-midi,438,123,13.93,19.0,546.66,28.08,170.85,1713.39
EV,SHV,7,Matin,718,146,11.73,12.39,345.75,20.33,133.73,1712.58
DL,BWI,19,Soir,779,164,10.44,17.81,647.76,21.05,140.18,1712.16
EV,RIC,14,Apres-midi,304,98,17.46,17.71,435.19,32.24,184.42,1711.08
DL,PHL,17,Soir,425,118,14.49,18.63,776.94,27.76,168.07,1709.82
OO,DTW,12,Apres-midi,1486,237,7.19,8.61,244.93,15.95,116.51,1704.03
WN,OKC,19,Soir,471,127,13.41,14.68,433.19,26.96,165.99,1703.07
OO,IAH,10,Matin,1344,259,6.57,8.35,618.7,19.27,138.82,1701.63
WN,TUL,16,Apres-midi,326,118,14.42,19.07,384.99,36.2,209.6,1701.56
VX,LAX,20,Soir,319,105,16.2,16.94,292.85,32.92,189.89,1701.0
AA,PHX,18,Soir,1683,333,5.09,8.43,1060.75,19.79,147.02,1694.97
NK,FLL,18,Soir,547,163,10.36,11.25,1052.13,29.8,187.93,1688.68
AA,PHX,20,Soir,1160,263,6.42,9.45,663.79,22.67,159.98,1688.46
EV,CLE,19,Soir,646,146,11.56,12.48,405.12,22.6,146.28,1687.76
US,PHX,13,Apres-midi,1957,359,4.68,7.99,1240.33,18.34,139.01,1680.12
F9,CLE,17,Soir,412,122,13.74,12.64,1103.39,29.61,178.35,1676.28
AA,PHL,18,Soir,2719,654,2.56,12.04,1364.21,24.05,190.2,1674.24
VX,LAS,15,Apres-midi,406,110,15.21,16.71,574.5,27.09,162.78,1673.1
F9,DCA,17,Soir,326,101,16.52,13.9,1476.0,30.98,179.37,1668.52
EV,AEX,17,Soir,562,147,11.34,9.88,335.07,26.16,165.68,1666.98
B6,PBI,11,Matin,658,166,10.04,13.59,1023.19,25.23,163.76,1666.64
F9,LAS,0,Nuit,323,106,15.72,18.12,1736.32,32.82,189.72,1666.32
US,PHL,19,Soir,381,116,14.36,16.87,467.54,30.45,181.04,1665.76
DL,TPA,15,Apres-midi,1074,222,7.5,13.69,832.08,20.67,144.28,1665.0
VX,LAX,10,Matin,1254,240,6.93,11.5,1827.26,19.14,136.56,1663.2
MQ,LIT,15,Apres-midi,323,97,17.14,18.28,406.12,30.03,173.6,1662.58
EV,DTW,14,Apres-midi,1458,286,5.8,10.22,514.13,19.62,142.94,1658.8
WN,ONT,20,Soir,337,110,15.04,19.51,357.23,32.64,190.06,1654.4
B6,LGB,20,Soir,672,176,9.39,11.17,406.89,26.19,170.54,1652.64
VX,SFO,19,Soir,511,136,12.13,12.13,381.4,26.61,166.0,1649.68
EV,IAD,12,Apres-midi,758,176,9.36,11.1,312.5,23.22,154.0,1647.36
NK,LAS,11,Matin,851,191,8.61,10.29,1125.2,22.44,151.42,1644.51
WN,BUR,20,Soir,872,189,8.67,11.23,294.93,21.67,146.75,1638.63
B6,SJU,18,Soir,1099,250,6.55,12.58,1410.45,22.75,159.32,1637.5
AA,MCO,15,Apres-midi,512,131,12.5,13.38,829.26,25.59,159.69,1637.5
