MONTH,SCHEDULED_DEP_HOUR,nb_vols,nb_retards,retard_moyen_arrivee,retard_moyen_depart,distance_moyenne,taux_retard_percent
1,0,738,100,0.22,3.19,1572.86,13.55
1,1,546,110,5.46,7.62,1619.96,20.15
1,2,148,28,12.38,14.21,1314.05,18.92
1,3,39,12,15.18,21.21,1411.23,30.77
1,4,99,22,5.23,7.61,1197.85,22.22
1,5,6185,633,-1.44,2.55,621.17,10.23
1,6,33090,3779,-1.06,2.34,740.07,11.42
1,7,30157,4042,0.1,3.4,864.76,13.4
1,8,32928,5265,1.96,5.55,903.57,15.99
1,9,29468,4894,2.49,6.02,855.57,16.61
1,10,29957,5651,4.47,7.98,788.31,18.86
1,11,30855,5900,4.68,8.52,800.06,19.12
1,12,28742,5639,5.26,9.74,771.77,19.62
1,13,31737,6791,7.23,10.94,795.05,21.4
1,14,28450,6497,7.75,11.62,789.41,22.84
1,15,29871,6903,8.06,12.25,758.23,23.11
1,16,28372,6786,8.55,12.92,792.8,23.92
1,17,32837,8248,8.95,13.08,804.26,25.12
1,18,26898,7231,10.55,14.45,793.49,26.88
1,19,26718,7099,10.18,14.05,738.51,26.57
1,20,19369,5077,9.76,13.95,670.01,26.21
1,21,13603,3412,8.41,12.94,744.45,25.08
1,22,6290,1312,5.12,8.67,1012.91,20.86
1,23,2871,520,2.15,7.2,1895.99,18.11
2,0,695,99,0.55,5.98,1602.86,14.24
2,1,486,103,4.94,8.86,1617.34,21.19
2,2,99,24,19.05,17.68,1237.12,24.24
2,3,38,12,23.95,25.95,1625.5,31.58
2,4,67,11,1.37,2.04,1123.9,16.42
2,5,5812,666,0.55,4.55,628.02,11.46
2,6,30686,3827,0.85,4.13,744.81,12.47
2,7,27644,4185,2.04,4.88,855.53,15.14
2,8,29775,4965,3.57,7.02,901.71,16.68
2,9,26658,4926,5.21,8.31,845.67,18.48
2,10,27626,5608,6.85,9.9,789.71,20.3
2,11,27732,5885,7.36,10.67,798.18,21.22
2,12,26067,5756,8.08,11.82,777.25,22.08
2,13,28786,6636,9.19,12.75,787.86,23.05
2,14,25807,6350,9.94,13.31,788.06,24.61
2,15,27238,6952,11.11,14.58,755.88,25.52
2,16,25915,6779,11.14,14.76,789.14,26.16
2,17,30211,8199,11.36,14.9,808.63,27.14
2,18,24609,7091,12.59,15.73,789.64,28.81
2,19,24559,7083,12.7,16.05,737.23,28.84
2,20,17772,5006,11.98,15.76,676.32,28.17
2,21,12417,3263,9.5,13.59,735.12,26.28
2,22,5957,1287,6.44,10.41,967.19,21.6
2,23,2535,466,2.0,9.07,1908.6,18.38
3,0,1248,247,3.47,6.24,1637.7,19.79
3,1,489,105,5.46,7.64,1577.29,21.47
3,2,96,12,0.25,4.15,1377.46,12.5
3,3,66,7,-1.23,4.17,1176.97,10.61
3,4,62,8,2.35,12.34,1124.68,12.9
3,5,9051,671,-3.94,1.69,646.82,7.41
3,6,36330,3511,-2.26,2.29,770.75,9.66
3,7,33360,4038,-0.55,3.62,865.85,12.1
3,8,33368,4714,1.16,5.2,900.97,14.13
3,9,29426,4668,2.45,6.66,853.08,15.86
3,10,31963,5423,3.21,7.44,794.32,16.97
3,11,30871,5512,4.33,9.09,818.16,17.85
3,12,29582,5531,4.92,9.61,795.22,18.7
3,13,33214,6636,6.07,10.48,786.93,19.98
3,14,27825,5971,7.06,11.82,800.91,21.46
3,15,31136,6630,6.98,11.91,765.99,21.29
3,16,29484,6667,8.05,12.84,785.75,22.61
3,17,34520,8103,8.4,13.06,814.34,23.47
3,18,28440,7082,9.19,13.91,817.26,24.9
3,19,30154,7575,9.14,14.04,782.89,25.12
3,20,22695,5711,9.03,14.14,743.69,25.16
3,21,17792,3974,6.66,12.47,767.64,22.34
3,22,9927,2004,4.05,9.46,976.15,20.19
3,23,3213,652,4.55,10.28,1788.82,20.29
4,0,1114,140,-2.58,3.87,1620.74,12.57
4,1,522,93,4.53,9.24,1614.93,17.82
4,2,74,14,2.51,2.55,1407.72,18.92
4,3,87,11,-5.01,2.17,1175.09,12.64
4,4,30,5,-0.23,3.9,1046.0,16.67
4,5,10792,764,-3.98,0.66,691.0,7.08
4,6,33733,2789,-2.69,1.0,763.51,8.27
4,7,33673,3838,-1.01,2.7,888.21,11.4
4,8,31278,3816,-0.3,3.75,886.76,12.2
4,9,28389,3741,0.7,4.9,876.04,13.18
4,10,31114,4555,1.81,6.23,790.53,14.64
4,11,28996,4299,1.78,6.56,839.88,14.83
4,12,30218,4826,2.66,7.67,773.61,15.97
4,13,30121,5108,3.44,8.05,807.25,16.96
4,14,26206,4585,3.4,8.12,782.03,17.5
4,15,30709,5837,4.93,9.88,765.94,19.01
4,16,28130,5806,5.84,10.33,776.14,20.64
4,17,32258,7145,6.66,10.93,812.21,22.15
4,18,28030,6666,7.69,12.36,819.84,23.78
4,19,27610,6546,8.03,12.44,783.57,23.71
4,20,21999,5344,7.82,12.93,751.07,24.29
4,21,16551,3644,6.29,12.06,769.75,22.02
4,22,10583,2204,4.57,10.01,937.84,20.83
4,23,2934,471,0.2,6.15,1794.54,16.05
5,0,1208,202,3.66,7.97,1611.31,16.72
5,1,516,85,2.82,5.25,1635.83,16.47
5,2,111,15,-2.5,-0.53,1439.64,13.51
5,3,60,5,-8.32,0.7,1114.18,8.33
5,5,10626,737,-2.71,2.4,685.61,6.94
5,6,34290,2672,-3.17,1.64,783.36,7.79
5,7,34402,3550,-1.88,2.87,895.36,10.32
5,8,31668,3550,-0.99,3.86,889.23,11.21
5,9,29102,3548,-0.31,4.65,889.95,12.19
5,10,32574,4448,0.96,5.86,797.59,13.66
5,11,29621,4347,1.93,6.76,833.83,14.68
5,12,31579,5334,3.51,8.38,785.1,16.89
5,13,30137,5429,4.62,9.02,803.06,18.01
5,14,27368,5658,6.54,10.84,776.15,20.67
5,15,31637,7060,8.04,12.44,781.12,22.32
5,16,28905,6926,9.54,13.89,780.88,23.96
5,17,32764,8307,10.38,15.17,813.98,25.35
5,18,29073,7554,10.63,15.72,829.02,25.98
5,19,27754,7310,10.82,16.4,773.98,26.34
5,20,22779,5865,9.39,15.41,775.68,25.75
5,21,16597,3891,8.14,14.99,766.26,23.44
5,22,10709,2516,7.0,12.82,953.48,23.49
5,23,3513,636,3.55,9.26,1739.6,18.1
6,0,1646,325,4.91,11.65,1642.43,19.74
6,1,348,71,7.65,12.09,1781.64,20.4
6,2,127,21,0.51,4.13,1377.34,16.54
6,3,88,22,1.33,8.72,1177.0,25.0
6,4,37,10,8.27,17.03,1476.43,27.03
6,5,11876,830,-2.27,2.94,710.85,6.99
6,6,35282,3407,-0.67,3.59,795.24,9.66
6,7,34373,4222,0.56,4.9,907.18,12.28
6,8,32487,4698,2.35,6.83,893.94,14.46
6,9,29784,4716,3.18,7.56,892.3,15.83
6,10,31839,5314,3.72,8.47,809.7,16.69
6,11,29735,5375,4.68,9.37,828.44,18.08
6,12,30299,6236,6.94,11.39,792.07,20.58
6,13,29640,6620,7.93,12.3,808.42,22.33
6,14,27093,6876,10.87,15.01,798.8,25.38
6,15,32206,8615,12.92,16.77,793.54,26.75
6,16,28026,8393,15.93,19.45,774.33,29.95
6,17,32745,10651,18.46,22.16,836.64,32.53
6,18,29383,9934,19.08,23.09,826.79,33.81
6,19,28351,9920,19.93,24.1,788.3,34.99
6,20,24261,8608,19.54,24.37,802.8,35.48
6,21,17420,5674,16.4,21.56,838.01,32.57
6,22,12475,4110,15.33,20.28,941.07,32.95
6,23,4376,1094,9.23,15.14,1596.75,25.0
7,0,1782,299,0.56,8.0,1603.99,16.78
7,1,391,71,6.23,12.43,1767.84,18.16
7,2,182,25,-3.29,5.21,1437.92,13.74
7,3,101,15,1.32,5.07,1236.0,14.85
7,4,77,13,1.79,9.57,1445.75,16.88
7,5,12564,706,-5.16,1.05,726.01,5.62
7,6,36709,2953,-2.77,2.08,801.66,8.04
7,7,35727,3789,-1.21,3.66,915.0,10.61
7,8,33467,4124,0.07,5.18,895.99,12.32
7,9,31103,4434,1.49,6.05,891.97,14.26
7,10,32798,5017,2.3,7.06,824.68,15.3
7,11,30671,5035,3.12,7.71,818.83,16.42
7,12,30992,5872,5.3,10.25,798.54,18.95
7,13,31008,6482,6.81,11.19,806.06,20.9
7,14,28465,6708,8.92,13.37,800.93,23.57
7,15,32626,8110,10.09,14.74,797.62,24.86
7,16,28603,7806,11.29,15.89,778.62,27.29
7,17,33904,9710,12.46,17.45,838.1,28.64
7,18,29707,8951,13.65,19.2,837.54,30.13
7,19,29198,9177,14.55,19.37,797.2,31.43
7,20,25110,7977,14.2,19.83,812.93,31.77
7,21,17667,5509,13.59,18.81,845.74,31.18
7,22,13164,3799,10.72,16.52,966.68,28.86
7,23,4702,1045,4.93,11.64,1596.28,22.22
8,0,1639,266,-0.18,7.88,1577.78,16.23
8,1,392,83,6.18,8.2,1760.97,21.17
8,2,147,23,-1.88,5.94,1484.34,15.65
8,3,85,20,7.69,12.58,1274.16,23.53
8,4,51,7,-5.06,6.39,1559.45,13.73
8,5,10572,573,-5.06,1.11,687.77,5.42
8,6,35687,2567,-3.49,1.62,796.63,7.19
8,7,35097,3370,-2.03,3.2,910.82,9.6
8,8,33373,3895,-0.9,4.33,892.21,11.67
8,9,30989,4194,0.35,5.3,891.55,13.53
8,10,32739,4702,1.45,6.45,829.78,14.36
8,11,30326,4616,2.46,7.49,821.57,15.22
8,12,31221,5230,3.12,8.55,795.76,16.75
8,13,31012,5812,5.11,9.93,798.76,18.74
8,14,28149,5932,6.71,11.71,801.54,21.07
8,15,32308,6897,7.44,12.47,785.77,21.35
8,16,28502,6722,8.58,13.75,776.24,23.58
8,17,34198,8595,9.82,15.15,827.22,25.13
8,18,29474,7981,11.28,17.17,822.81,27.08
8,19,29203,8213,11.86,17.1,787.92,28.12
8,20,23528,6519,11.05,17.43,785.82,27.71
8,21,16398,4288,9.82,15.25,816.94,26.15
8,22,11037,2672,7.42,13.17,1008.48,24.21
8,23,4409,936,4.43,10.9,1614.44,21.23
9,0,957,81,-4.64,2.9,1555.04,8.46
9,1,283,25,-4.19,1.07,1577.38,8.83
9,2,61,11,3.11,8.13,1426.07,18.03
9,3,42,1,-10.5,-6.38,1139.0,2.38
9,4,9,3,9.89,24.67,1583.11,33.33
9,5,8932,370,-7.49,-0.69,649.05,4.14
9,6,31937,1882,-5.59,-0.09,780.99,5.89
9,7,32112,2403,-5.2,0.63,900.12,7.48
9,8,30559,2714,-4.19,1.59,890.83,8.88
9,9,28878,2776,-3.42,2.1,882.6,9.61
9,10,30465,3114,-2.43,2.73,829.71,10.22
9,11,29192,3428,-1.46,3.79,819.38,11.74
9,12,29366,3527,-1.58,4.36,795.26,12.01
9,13,28967,3890,-0.25,5.24,768.88,13.43
9,14,26666,3961,0.88,6.38,794.77,14.85
9,15,29852,4532,1.27,6.65,754.88,15.18
9,16,26765,4395,2.14,7.53,766.47,16.42
9,17,31459,5625,3.23,8.28,807.83,17.88
9,18,26361,4982,3.31,9.0,806.65,18.9
9,19,26616,5052,3.94,9.33,765.33,18.98
9,20,20000,3533,2.0,8.33,735.21,17.66
9,21,13994,2152,1.25,6.87,759.27,15.38
9,22,8020,1170,-0.65,5.18,983.8,14.59
9,23,3453,434,-1.75,4.29,1608.75,12.57
10,0,944,97,-3.18,3.0,1578.03,10.28
10,1,239,27,1.61,3.17,1454.3,11.3
10,2,71,14,5.52,9.54,1390.85,19.72
10,3,49,8,0.31,0.45,1150.31,16.33
10,4,3,1,186.0,192.67,1157.67,33.33
10,5,9398,512,-5.46,0.29,646.54,5.45
10,6,33616,2119,-4.57,0.42,772.27,6.3
10,7,34242,2577,-4.55,1.14,906.98,7.53
10,8,31688,2771,-3.77,2.25,899.76,8.74
10,9,30090,2905,-2.56,2.94,876.37,9.65
10,10,31768,3533,-1.31,4.07,824.4,11.12
10,11,30715,3626,-1.04,4.72,816.6,11.81
10,12,30243,3672,-0.95,5.08,799.31,12.14
10,13,30367,4035,-0.32,5.55,775.67,13.29
10,14,27952,4081,0.97,6.82,784.47,14.6
10,15,30852,4435,0.73,6.77,759.68,14.38
10,16,27735,4147,1.31,7.25,776.11,14.95
10,17,32989,5335,2.14,7.61,813.9,16.17
10,18,27820,4664,2.33,7.99,822.76,16.76
10,19,28009,4789,2.49,7.86,748.47,17.1
10,20,20715,3325,1.77,7.88,739.43,16.05
10,21,14636,1991,-0.51,5.62,774.09,13.6
10,22,8492,1007,-2.28,4.2,947.89,11.86
10,23,3532,408,-1.93,5.29,1604.05,11.55
11,0,1123,147,-3.85,4.15,1522.01,13.09
11,1,385,68,0.16,6.27,1437.14,17.66
11,2,130,20,-5.04,5.52,1342.3,15.38
11,3,36,2,-11.28,4.28,1230.5,5.56
11,4,30,4,-0.8,4.03,1168.47,13.33
11,5,10790,789,-4.73,1.68,678.73,7.31
11,6,32231,2678,-4.27,1.53,777.37,8.31
11,7,31461,3136,-3.42,2.58,911.38,9.97
11,8,29815,3194,-2.92,3.22,909.89,10.71
11,9,28407,3401,-1.6,4.15,873.57,11.97
11,10,29119,3661,-0.14,5.59,801.57,12.57
11,11,29381,3948,0.38,6.29,820.42,13.44
11,12,28257,4022,1.24,7.09,787.53,14.23
11,13,29002,4364,2.05,7.8,786.38,15.05
11,14,27434,4630,2.99,8.88,783.79,16.88
11,15,29316,5035,3.09,8.85,762.0,17.17
11,16,26627,4902,3.89,9.39,813.1,18.41
11,17,30904,6039,4.55,9.8,819.18,19.54
11,18,26823,5578,4.89,10.58,829.49,20.8
11,19,26804,5579,5.03,10.67,755.76,20.81
11,20,20426,4284,5.13,10.69,736.47,20.97
11,21,15199,2824,3.19,8.91,790.48,18.58
11,22,10237,1631,0.51,6.68,896.63,15.93
11,23,4035,635,-0.08,6.62,1557.52,15.74
12,0,1570,310,5.27,12.66,1604.62,19.75
12,1,562,115,2.03,10.33,1476.14,20.46
12,2,168,30,-1.52,8.65,1484.9,17.86
12,3,87,21,8.83,26.03,1345.43,24.14
12,4,66,22,5.86,16.23,1267.73,33.33
12,5,11453,1152,-0.81,4.86,707.59,10.06
12,6,33349,3811,-0.85,4.3,790.08,11.43
12,7,31699,4328,0.04,5.2,922.83,13.65
12,8,30608,4647,1.47,6.57,915.8,15.18
12,9,29109,4910,3.75,8.82,886.88,16.87
12,10,29682,5435,5.33,10.38,818.01,18.31
12,11,29989,5890,5.91,11.36,829.59,19.64
12,12,29045,5854,6.83,12.51,791.17,20.15
12,13,29518,6303,7.06,12.69,814.94,21.35
12,14,28300,6298,8.15,14.15,797.07,22.25
12,15,30009,6626,7.76,13.68,771.88,22.08
12,16,27089,6269,8.56,14.31,825.38,23.14
12,17,31573,7651,9.41,15.26,846.7,24.23
12,18,27762,7010,9.83,16.05,827.4,25.25
12,19,26362,6805,9.54,15.65,774.08,25.81
12,20,20778,5492,10.34,16.19,757.07,26.43
12,21,15193,4005,9.48,15.58,824.76,26.36
12,22,10660,2723,8.29,13.7,927.08,25.54
12,23,4599,1065,5.96,13.01,1657.52,23.16
