ORIGIN_AIRPORT,DESTINATION_AIRPORT,nb_vols,nb_retards,retard_moyen_arrivee,retard_moyen_depart,distance_moyenne,taux_retard_percent,impact_score
SFO,LAX,13744,3636,11.15,12.29,337.0,26.46,40541.4
LAX,SFO,13457,3423,10.46,13.71,337.0,25.44,35804.58
LAS,LAX,9715,2706,11.9,11.26,236.0,27.85,32201.4
ORD,LGA,9575,2353,9.78,15.47,733.0,24.57,23012.34
JFK,LAX,12016,2171,-2.64,7.88,2475.0,18.07,0.0
LAX,LAS,9594,2147,8.59,11.11,236.0,22.38,18442.73
LAX,JFK,12015,2138,0.61,10.59,2475.0,17.79,1304.18
ORD,LAX,7941,2121,8.2,16.86,1744.0,26.71,17392.2
ORD,SFO,7378,1978,9.13,19.06,1846.0,26.81,18059.14
LGA,ORD,9639,1952,3.59,11.73,733.0,20.25,7007.68
LAS,SFO,7870,1931,9.7,15.81,414.0,24.54,18730.7
ATL,LGA,8234,1906,7.68,13.93,762.0,23.15,14638.08
ORD,DFW,7677,1876,8.68,17.27,802.0,24.44,16283.68
PHX,LAX,7380,1825,8.68,10.1,370.0,24.73,15841.0
ORD,MSP,6361,1811,13.71,17.52,334.0,28.47,24828.81
ORD,DEN,5613,1780,17.83,21.99,888.0,31.71,31737.4
LAX,PHX,7330,1764,9.31,11.24,370.0,24.07,16422.84
OAK,LAX,6281,1749,11.98,10.96,337.0,27.85,20953.02
SJC,LAX,6339,1743,11.82,10.25,308.0,27.5,20602.26
DFW,ORD,7870,1718,6.78,12.89,802.0,21.83,11648.04
LGA,ATL,8215,1662,2.91,14.39,762.0,20.23,4836.42
JFK,SFO,8437,1656,-0.55,9.81,2586.0,19.63,0.0
MIA,LGA,6318,1628,8.6,13.05,1096.0,25.77,14000.8
LGA,BOS,7100,1616,7.33,9.35,184.0,22.76,11845.28
LAX,ORD,8256,1613,3.6,11.39,1744.0,19.54,5806.8
BOS,LGA,7096,1604,8.95,9.31,184.0,22.6,14355.8
SFO,LAS,7995,1599,6.25,11.49,414.0,20.0,9993.75
MSP,ORD,6296,1589,12.21,14.22,334.0,25.24,19401.69
SAN,SFO,6942,1574,8.96,13.79,447.0,22.67,14103.04
SEA,SFO,6845,1545,7.41,13.0,679.0,22.57,11448.45
ORD,BOS,6558,1545,7.71,15.21,867.0,23.56,11911.95
DFW,LAX,6634,1513,6.8,14.39,1235.0,22.81,10288.4
LAX,OAK,6288,1511,9.12,12.99,337.0,24.03,13780.32
DEN,LAX,5688,1501,10.46,15.1,862.0,26.39,15700.46
SFO,JFK,8440,1479,2.11,12.45,2586.0,17.52,3120.69
MCO,JFK,5346,1474,15.43,21.52,944.0,27.57,22743.82
DEN,PHX,7211,1473,6.33,9.97,602.0,20.43,9324.09
DEN,DFW,6135,1471,10.54,12.26,641.0,23.98,15504.34
SFO,ORD,7380,1466,5.2,12.47,1846.0,19.86,7623.2
ATL,ORD,6493,1464,8.29,13.07,606.0,22.55,12136.56
LAX,SJC,6341,1456,8.48,10.84,308.0,22.96,12346.88
SEA,LAX,7765,1452,3.73,6.16,954.0,18.7,5415.96
SMF,LAX,5574,1448,10.51,9.48,373.0,25.98,15218.48
ATL,MCO,8202,1434,5.46,8.83,404.0,17.48,7829.64
PHX,DEN,7204,1433,5.71,10.51,602.0,19.89,8182.43
DEN,SFO,5365,1430,9.68,17.15,967.0,26.65,13842.4
IAH,LAX,4432,1428,16.57,22.76,1379.0,32.22,23661.96
ORD,ATL,6391,1424,9.6,15.86,606.0,22.28,13670.4
LGA,FLL,5304,1419,8.43,15.46,1076.0,26.75,11962.17
DFW,DEN,6058,1409,8.94,11.99,641.0,23.26,12596.46
DEN,ORD,5567,1402,12.04,15.96,888.0,25.18,16880.08
DCA,BOS,7686,1388,4.8,5.48,399.0,18.06,6662.4
FLL,LGA,5307,1384,10.22,13.8,1076.0,26.08,14144.48
BOS,ORD,6551,1378,5.04,9.97,867.0,21.03,6945.12
LAX,SMF,5550,1347,9.71,12.04,373.0,24.27,13079.37
ORD,DCA,5924,1346,8.34,14.23,612.0,22.72,11225.64
LGA,MIA,6308,1345,1.56,9.73,1096.0,21.32,2098.2
SFO,SEA,6932,1342,5.84,9.61,679.0,19.36,7837.28
DAL,HOU,6262,1318,8.61,10.82,239.0,21.05,11347.98
DEN,LAS,6269,1317,6.56,10.84,628.0,21.01,8639.52
ATL,PHL,6608,1311,5.51,11.69,666.0,19.84,7223.61
BOS,DCA,7687,1307,2.85,3.81,399.0,17.0,3724.95
HOU,DAL,6296,1301,9.42,10.74,239.0,20.66,12255.42
PHL,ATL,6621,1296,2.14,10.53,666.0,19.57,2773.44
DEN,IAH,4848,1284,11.13,13.83,862.0,26.49,14290.92
LAX,DEN,5750,1265,7.28,12.94,862.0,22.0,9209.2
DFW,ATL,7060,1264,6.06,10.74,731.0,17.9,7659.84
SFO,SAN,6917,1256,5.76,10.34,447.0,18.16,7234.56
ATL,FLL,7419,1253,3.97,9.61,581.0,16.89,4974.41
ATL,TPA,7076,1250,5.38,9.95,406.0,17.67,6725.0
ORD,IAH,4186,1249,13.61,20.75,925.0,29.84,16998.89
LAX,HNL,5238,1234,9.77,13.24,2556.0,23.56,12056.18
MCO,ATL,8202,1231,1.44,7.48,404.0,15.01,1772.64
ORD,LAS,4268,1231,10.38,18.27,1514.0,28.84,12777.78
LAX,SEA,7732,1221,1.49,3.78,954.0,15.79,1819.29
DEN,SLC,5859,1218,5.34,9.44,391.0,20.79,6504.12
LAS,DEN,6265,1217,6.99,11.29,628.0,19.43,8506.83
IAH,ORD,4294,1202,12.41,18.67,925.0,27.99,14916.82
LAX,DFW,6649,1183,5.18,9.96,1235.0,17.79,6127.94
SLC,DEN,6184,1179,4.29,7.82,391.0,19.07,5057.91
JFK,MCO,5349,1170,4.11,11.35,944.0,21.87,4808.7
PHL,BOS,5317,1166,7.51,8.7,280.0,21.93,8756.66
IAH,DEN,4513,1162,11.58,18.29,862.0,25.75,13455.96
DEN,MSP,5504,1158,5.62,10.7,680.0,21.04,6507.96
JFK,BOS,5040,1153,8.86,13.4,187.0,22.88,10215.58
SLC,LAX,5549,1144,5.91,8.45,590.0,20.62,6761.04
SEA,ANC,6382,1141,1.92,6.22,1448.0,17.88,2190.72
PHX,SFO,4863,1137,7.31,13.68,651.0,23.38,8311.47
DCA,ORD,5922,1134,6.74,11.3,612.0,19.15,7643.16
DTW,LGA,4429,1131,11.08,13.38,502.0,25.54,12531.48
BOS,JFK,5044,1130,9.73,13.59,187.0,22.4,10994.9
EWR,MCO,4774,1129,7.37,15.69,937.0,23.65,8320.73
EWR,SFO,5029,1129,4.22,18.56,2565.0,22.45,4764.38
ATL,DFW,7056,1125,2.77,9.66,731.0,15.94,3116.25
ORD,EWR,3874,1122,15.54,22.9,719.0,28.96,17435.88
MCO,PHL,4867,1121,9.91,11.92,861.0,23.03,11109.11
PHL,MCO,4869,1119,7.15,12.35,861.0,22.98,8000.85
ORD,MCO,4416,1118,10.3,15.87,1005.0,25.32,11515.4
ORD,MKE,4824,1114,8.19,12.29,67.0,23.09,9123.66
ATL,DCA,6466,1112,3.91,9.53,547.0,17.2,4347.92
ORD,PHL,4744,1097,7.81,15.35,678.0,23.12,8567.57
MCO,ORD,4427,1095,11.64,15.69,1005.0,24.73,12745.8
CLT,ATL,6307,1095,3.33,7.78,226.0,17.36,3646.35
SFO,DEN,5066,1095,7.41,13.54,967.0,21.61,8113.95
JFK,FLL,4439,1092,7.11,15.22,1069.0,24.6,7764.12
OGG,HNL,8313,1090,3.57,1.12,100.0,13.11,3891.3
DFW,SFO,4555,1081,8.0,16.26,1464.0,23.73,8648.0
PHL,ORD,4759,1076,6.62,11.61,678.0,22.61,7123.12
SNA,SFO,4313,1070,8.74,12.49,372.0,24.81,9351.8
MKE,ORD,4826,1067,10.04,9.53,67.0,22.11,10712.68
LAX,SLC,5538,1063,5.83,9.54,590.0,19.19,6197.29
DEN,SEA,5139,1056,5.71,10.33,1024.0,20.55,6029.76
MCO,EWR,4790,1052,9.11,16.04,937.0,21.96,9583.72
LGA,DTW,4426,1048,6.67,12.72,502.0,23.68,6990.16
LAS,PHX,5499,1041,6.65,8.36,255.0,18.93,6922.65
LAX,IAH,4242,1033,9.67,14.38,1379.0,24.35,9989.11
MSP,DEN,5508,1032,2.53,8.82,680.0,18.74,2610.96
FLL,JFK,4432,1031,9.66,17.55,1069.0,23.26,9959.46
ATL,LAX,5669,1021,0.48,10.32,1947.0,18.01,490.08
BWI,ATL,5837,1018,4.74,11.4,577.0,17.44,4825.32
DFW,LGA,4521,1015,5.11,11.05,1389.0,22.45,5186.65
TPA,ATL,7083,1014,2.31,7.14,406.0,14.32,2342.34
DCA,ATL,6461,1014,2.69,9.56,547.0,15.69,2727.66
MIA,JFK,3596,1007,12.79,19.54,1089.0,28.0,12879.53
BWI,BOS,4412,1007,9.61,12.03,369.0,22.82,9677.27
LAS,SAN,4105,1004,9.97,11.55,258.0,24.46,10009.88
JFK,SJU,4463,1000,4.88,12.66,1598.0,22.41,4880.0
PHX,LAS,5499,997,5.29,8.49,255.0,18.13,5274.13
EWR,LAX,4603,994,4.59,16.72,2454.0,21.59,4562.46
PHX,SAN,5105,990,5.29,7.88,304.0,19.39,5237.1
FLL,ATL,7411,990,-0.84,6.69,581.0,13.36,0.0
DTW,ORD,4274,986,10.3,12.84,235.0,23.07,10155.8
CLT,ORD,4641,984,6.77,10.1,599.0,21.2,6661.68
CLT,EWR,4120,984,10.6,12.35,529.0,23.88,10430.4
ATL,EWR,5091,975,4.88,15.03,746.0,19.15,4758.0
EWR,BOS,4442,972,6.39,12.41,200.0,21.88,6211.08
DEN,ATL,5082,970,3.57,9.87,1199.0,19.09,3462.9
DFW,MIA,3672,970,12.8,15.82,1121.0,26.42,12416.0
CLT,LGA,3610,964,12.16,11.93,544.0,26.7,11722.24
LGA,MCO,3913,962,7.06,13.29,950.0,24.58,6791.72
ORD,DTW,4301,962,9.58,13.49,235.0,22.37,9215.96
ORD,CLE,3937,961,10.69,15.79,315.19,24.41,10273.09
SAN,LAX,4619,961,6.38,5.36,109.0,20.81,6131.18
SAN,PHX,5123,959,6.12,8.89,304.0,18.72,5869.08
MCO,LGA,3916,958,12.65,15.58,950.0,24.46,12118.7
ATL,DEN,4987,955,3.22,12.65,1199.0,19.15,3075.1
LAX,ATL,5673,954,1.79,9.48,1947.0,16.82,1707.66
ORD,PHX,4419,950,4.01,12.98,1440.0,21.5,3809.5
LGA,DCA,4303,947,5.11,5.96,214.0,22.01,4839.17
ATL,BWI,5838,935,2.65,9.66,577.0,16.02,2477.75
ATL,CLT,6306,934,1.3,5.22,226.0,14.81,1214.2
DCA,LGA,4303,930,4.53,7.48,214.0,21.61,4212.9
EWR,ORD,3706,926,9.73,19.25,719.0,24.99,9009.98
MIA,ORD,4156,925,4.77,12.74,1197.0,22.26,4412.25
ORD,CLT,4755,924,3.81,8.1,599.0,19.43,3520.44
BWI,FLL,3972,921,7.74,14.75,925.0,23.19,7128.54
SFO,EWR,5025,920,3.15,13.73,2565.0,18.31,2898.0
DAL,AUS,3896,918,10.61,11.36,189.0,23.56,9739.98
BOS,PHL,5313,917,2.59,6.3,280.0,17.26,2375.03
PHX,SEA,5770,912,1.04,5.11,1107.0,15.81,948.48
LAX,SAN,4611,912,5.95,7.89,109.0,19.78,5426.4
SFO,DFW,4555,906,7.45,12.09,1464.0,19.89,6749.7
CVG,ORD,4115,905,9.65,10.9,264.84,21.99,8733.25
BOS,SFO,3889,905,4.99,15.07,2704.0,23.27,4515.95
SEA,DEN,5099,904,5.01,7.86,1024.0,17.73,4529.04
DFW,AUS,4672,897,6.48,9.43,190.0,19.2,5812.56
SAN,LAS,4095,897,7.32,10.59,258.0,21.9,6566.04
IAH,SFO,3439,888,12.12,22.71,1635.0,25.82,10762.56
BOS,EWR,4463,885,5.06,12.54,200.0,19.83,4478.1
MIA,ATL,5150,878,3.94,10.03,594.0,17.05,3459.32
ORD,CVG,4011,875,7.47,10.01,264.84,21.82,6536.25
SFO,PHX,4856,873,4.19,8.37,651.0,17.98,3657.87
DFW,SAT,4714,872,4.37,8.39,247.0,18.5,3810.64
PHX,ORD,4416,869,6.91,12.87,1440.0,19.68,6004.79
ORD,MIA,4166,868,7.86,15.09,1197.0,20.84,6822.48
DFW,LAS,4289,864,5.04,11.61,1055.0,20.14,4354.56
JFK,MIA,3594,856,6.07,14.11,1089.0,23.82,5195.92
SFO,IAH,3426,854,9.89,14.03,1635.0,24.93,8446.06
ORD,BNA,3577,852,9.44,14.69,409.0,23.82,8042.88
DTW,ATL,4857,850,2.52,10.14,594.0,17.5,2142.0
SEA,PHX,5768,846,3.11,5.61,1107.0,14.67,2631.06
EWR,IAH,3340,845,7.7,18.03,1400.0,25.3,6506.5
LGA,DFW,4520,841,-0.67,8.56,1389.0,18.61,0.0
IAH,EWR,3217,841,10.61,20.98,1400.0,26.14,8923.01
LAS,ORD,4249,841,5.34,11.14,1514.0,19.79,4490.94
ATL,DTW,4861,840,4.06,10.52,594.0,17.28,3410.4
DFW,MCO,3826,838,8.53,10.43,985.0,21.9,7148.14
LAX,EWR,4618,837,1.92,14.47,2454.0,18.12,1607.04
CLT,BOS,3590,837,8.35,8.91,728.0,23.31,6988.95
ATL,JAX,5106,837,4.01,7.97,270.0,16.39,3356.37
ORD,SEA,3932,836,4.86,13.52,1721.0,21.26,4062.96
PBI,LGA,2905,831,14.02,17.97,1035.0,28.61,11650.62
DFW,IAH,4006,825,7.94,11.12,224.0,20.59,6550.5
MSY,ATL,5593,813,2.75,6.62,425.0,14.54,2235.75
CLT,PHL,3393,813,8.66,9.45,449.0,23.96,7040.58
MIA,MCO,3033,811,11.52,12.72,192.0,26.74,9342.72
LAS,SEA,5028,803,2.69,6.35,867.0,15.97,2160.07
BOS,LAX,4055,801,1.1,8.02,2611.0,19.75,881.1
EWR,ATL,5097,801,-0.73,11.78,746.0,15.72,0.0
IAH,ATL,3938,798,8.14,12.78,689.0,20.26,6495.72
ATL,MSY,5572,787,1.25,7.7,425.0,14.12,983.75
EWR,FLL,3440,786,5.27,14.92,1065.0,22.85,4142.22
DEN,LGA,3299,785,5.59,16.67,1620.0,23.8,4388.15
ATL,BOS,4685,785,2.21,10.61,946.0,16.76,1734.85
MIA,DFW,3672,780,4.99,14.82,1121.0,21.24,3892.2
PHX,SLC,5485,779,1.89,6.15,507.0,14.2,1472.31
ORD,DSM,3290,779,9.27,13.3,299.0,23.68,7221.33
LAS,OAK,3455,778,8.31,13.16,407.0,22.52,6465.18
BOS,BWI,4431,777,4.2,9.69,369.0,17.54,3263.4
LAS,JFK,3705,776,5.12,13.36,2248.0,20.94,3973.12
MCO,SJU,3550,773,8.22,11.0,1189.0,21.77,6354.06
PDX,SFO,4179,772,3.29,9.58,550.0,18.47,2539.88
DEN,SAN,3916,766,4.48,10.88,853.0,19.56,3431.68
PHL,DFW,3625,765,3.73,10.97,1303.0,21.1,2853.45
LGA,PBI,2904,765,7.81,16.01,1035.0,26.34,5974.65
CLT,DFW,4046,765,4.21,8.93,936.0,18.91,3220.65
SEA,LAS,5009,764,3.84,4.48,867.0,15.25,2933.76
DFW,PHL,3625,764,4.87,11.4,1303.0,21.08,3720.68
PHX,ONT,2978,763,9.46,11.64,325.0,25.62,7217.98
IAH,DFW,3950,760,7.32,11.91,224.0,19.24,5563.2
SLC,PHX,5479,758,2.29,5.44,507.0,13.83,1735.82
CLT,IAH,3603,754,6.95,10.94,912.0,20.93,5240.3
BOS,ATL,4682,754,1.41,10.76,946.0,16.1,1063.14
OAK,SAN,3540,753,8.22,10.71,446.0,21.27,6189.66
IAD,LAX,3606,751,2.32,12.04,2288.0,20.83,1742.32
HOU,ATL,4071,751,6.43,10.16,696.0,18.45,4828.93
SJU,JFK,4466,751,2.63,11.25,1598.0,16.82,1975.13
MDW,ATL,4533,747,2.47,9.87,591.0,16.48,1845.09
PHL,MIA,2661,745,10.18,11.77,1013.0,28.0,7584.1
CLE,ORD,4127,745,4.24,9.51,315.18,18.05,3158.8
ATL,MIA,5149,742,2.01,7.1,594.0,14.41,1491.42
DFW,PHX,4144,739,4.28,9.7,868.0,17.83,3162.92
LAS,DFW,4289,733,5.45,9.53,1055.0,17.09,3994.85
BNA,ORD,3494,733,9.38,11.92,409.0,20.98,6875.54
MIA,DCA,2974,733,7.81,11.02,919.0,24.65,5724.73
SAN,DEN,4189,731,2.0,8.43,853.0,17.45,1462.0
HNL,OGG,8282,730,1.61,-0.62,100.0,8.81,1175.3
CLT,BWI,3378,729,7.24,8.68,361.0,21.58,5277.96
ORD,CMH,3442,728,7.53,11.86,296.0,21.15,5481.84
ATL,IAH,3806,725,3.89,12.68,689.0,19.05,2820.25
ATL,LAS,4099,723,1.52,12.01,1747.0,17.64,1098.96
SFO,PDX,4197,723,4.8,9.36,550.0,17.23,3470.4
SFO,SNA,4314,722,3.84,7.99,372.0,16.74,2772.48
JFK,LAS,3703,721,0.66,9.84,2248.0,19.47,475.86
PHX,DFW,4146,721,5.46,7.77,868.0,17.39,3936.66
CLT,JFK,2574,720,12.47,14.09,541.0,27.97,8978.4
SFO,BOS,3907,719,2.75,13.81,2704.0,18.4,1977.25
DAL,LGA,2571,713,12.33,15.24,1381.0,27.73,8791.29
ATL,MDW,4544,710,2.33,10.36,591.0,15.62,1654.3
BWI,MCO,3113,709,7.5,14.79,787.0,22.78,5317.5
MIA,LAX,3024,709,4.82,15.54,2342.0,23.45,3417.38
HNL,LAX,5244,708,1.03,9.06,2556.0,13.5,729.24
ATL,MSP,4713,706,0.28,8.37,907.0,14.98,197.68
SLC,SFO,2938,706,8.43,13.51,599.0,24.03,5951.58
IAH,MCO,2610,704,14.53,18.77,854.0,26.97,10229.12
FLL,EWR,3441,702,5.85,13.43,1065.0,20.4,4106.7
LGA,DEN,3285,701,3.24,15.66,1620.0,21.34,2271.24
DCA,MIA,2973,699,8.34,10.54,919.0,23.51,5829.66
MCO,DFW,3825,697,5.97,11.31,985.0,18.22,4161.09
SFO,SLC,3249,691,7.54,11.22,599.0,21.27,5210.14
DFW,EWR,2501,691,9.62,15.41,1372.0,27.63,6647.42
JAX,ATL,5096,689,1.68,7.18,270.0,13.52,1157.52
CLT,MCO,2957,686,8.81,9.13,468.0,23.2,6043.66
LGA,CLT,3658,685,3.14,7.33,544.0,18.73,2150.9
DAL,SAT,3031,685,9.19,11.67,248.0,22.6,6295.15
SAN,OAK,3552,684,5.06,10.0,446.0,19.26,3461.04
IAH,MIA,2883,684,9.86,11.27,964.0,23.73,6744.24
MDW,MSP,2979,684,8.18,12.34,349.0,22.96,5595.12
DEN,AUS,2947,681,9.4,11.93,775.0,23.11,6401.4
MIA,EWR,2714,677,9.69,14.65,1085.0,24.94,6560.13
ANC,SEA,6383,677,-2.52,0.98,1448.0,10.61,0.0
DAL,LAX,2473,676,10.69,12.16,1246.0,27.34,7226.44
MIA,PHL,2663,676,10.01,13.24,1013.0,25.38,6766.76
LAX,BOS,4056,675,-1.46,7.02,2611.0,16.64,0.0
CMH,ORD,3264,674,7.85,12.38,296.0,20.65,5290.9
AUS,DAL,3904,673,7.05,9.1,189.0,17.24,4744.65
ORD,BWI,2468,671,12.54,18.17,622.0,27.19,8414.34
ORD,SLC,2600,669,11.4,17.9,1250.0,25.73,7626.6
FLL,BWI,3961,666,1.75,10.21,925.0,16.81,1165.5
SEA,OAK,3235,665,6.4,9.34,671.76,20.56,4256.0
OAK,SEA,3221,664,5.86,7.95,671.76,20.61,3891.04
IAH,PHX,3275,663,6.8,11.21,1009.0,20.24,4508.4
RDU,ATL,4712,662,2.39,8.68,356.0,14.05,1582.18
MCO,BOS,2848,661,10.32,13.95,1121.0,23.21,6821.52
BOS,CLT,3590,658,3.26,5.51,728.0,18.33,2145.08
SAN,SJC,3022,657,7.58,10.26,417.0,21.74,4980.06
DEN,EWR,2609,657,8.09,18.8,1605.0,25.18,5315.13
BOS,FLL,2188,656,11.01,14.02,1237.0,29.98,7222.56
ATL,RDU,4717,654,1.17,8.31,356.0,13.86,765.18
ATL,PBI,4197,654,2.9,9.2,545.0,15.58,1896.6
DEN,IAD,3171,653,5.16,14.06,1452.0,20.59,3369.48
DFW,SAN,3297,653,5.52,11.4,1171.0,19.81,3604.56
DFW,CLT,4044,653,3.49,6.77,936.0,16.15,2278.97
BWI,CLT,3375,652,5.5,5.86,361.0,19.32,3586.0
EWR,CLT,4145,651,1.89,6.23,529.0,15.71,1230.39
EWR,PBI,2571,650,9.25,17.8,1023.0,25.28,6012.5
CLT,MIA,2983,650,6.55,9.24,650.0,21.79,4257.5
AUS,DFW,4674,649,3.44,7.64,190.0,13.89,2232.56
SEA,ORD,3950,649,2.88,8.52,1721.0,16.43,1869.12
IAH,CLT,3469,649,5.66,6.02,912.0,18.71,3673.34
KOA,HNL,6347,648,1.95,-0.43,163.0,10.21,1263.6
ORD,SAN,2673,646,6.28,16.03,1723.0,24.17,4056.88
BOS,MCO,2852,645,6.36,10.58,1121.0,22.62,4102.2
LAX,TUS,2635,644,10.44,11.5,451.0,24.44,6723.36
ATL,HOU,4071,643,0.71,10.23,696.0,15.79,456.53
ORD,XNA,2597,642,9.37,13.08,522.0,24.72,6015.54
DSM,ORD,3054,642,8.8,11.19,299.0,21.02,5649.6
DEN,PDX,3436,642,3.97,12.75,991.0,18.68,2548.74
DFW,XNA,2222,642,13.85,14.74,280.0,28.89,8891.7
ORD,TPA,2434,640,12.91,19.11,1012.0,26.29,8262.4
ATL,IND,3811,638,3.92,9.7,432.0,16.74,2500.96
LAX,MIA,3023,636,5.36,6.69,2342.0,21.04,3408.96
LAS,SLC,3740,635,5.2,8.69,368.0,16.98,3302.0
BNA,LGA,2472,632,11.71,13.79,764.0,25.57,7400.72
OAK,BUR,3734,632,5.65,8.73,325.0,16.93,3570.8
SEA,SJC,4029,632,4.35,5.31,697.0,15.69,2749.2
IAH,MSY,2758,627,9.98,14.02,305.0,22.73,6257.46
MIA,BOS,2319,627,10.52,14.65,1258.0,27.04,6596.04
MCO,IAH,2613,624,11.38,17.64,854.0,23.88,7101.12
ORD,GRR,2990,623,6.8,10.69,137.0,20.84,4236.4
IAH,LAS,2769,623,6.13,17.03,1222.0,22.5,3818.99
MCO,BWI,3120,621,5.25,11.07,787.0,19.9,3260.25
LAS,SJC,2792,621,5.99,11.09,386.0,22.24,3719.79
SJC,SAN,3021,621,7.65,9.44,417.0,20.56,4750.65
DFW,FLL,2696,620,8.07,11.57,1119.0,23.0,5003.4
IAD,DEN,3100,618,4.1,12.83,1452.0,19.94,2533.8
SEA,DFW,3545,617,4.5,6.99,1660.0,17.4,2776.5
DEN,MCO,2901,616,5.99,10.18,1546.0,21.23,3689.84
DFW,SEA,3547,615,1.04,9.41,1660.0,17.34,639.6
FLL,SJU,2790,615,7.12,11.64,1046.0,22.04,4378.8
SEA,SMF,3438,614,5.31,6.43,605.0,17.86,3260.34
DFW,OKC,2710,612,8.62,12.46,175.0,22.58,5275.44
ORD,MSN,3185,612,4.68,8.51,108.0,19.22,2864.16
BTR,ATL,2511,611,13.69,13.85,448.0,24.33,8364.59
MCO,DCA,3349,611,5.79,7.13,759.0,18.24,3537.69
LGA,BNA,2391,611,7.88,15.41,764.0,25.55,4814.68
BTR,DFW,2333,607,15.34,14.72,383.0,26.02,9311.38
MSP,PHX,4052,606,-0.86,5.83,1276.0,14.96,0.0
BWI,BDL,2199,605,12.51,16.28,283.0,27.51,7568.55
IAH,LGA,2340,605,9.74,21.28,1416.0,25.85,5892.7
AUS,DEN,2852,605,7.7,14.09,775.0,21.21,4658.5
MSP,LAX,3093,605,1.36,7.47,1535.0,19.56,822.8
MIA,IAH,2884,604,5.54,12.81,964.0,20.94,3346.16
DCA,MCO,3350,604,2.22,7.36,759.0,18.03,1340.88
SAT,DFW,4715,603,1.73,5.81,247.0,12.79,1043.19
XNA,ORD,2598,602,13.42,15.02,522.0,23.17,8078.84
PHX,MSP,4058,602,0.24,7.04,1276.0,14.83,144.48
LAS,RNO,3216,600,4.71,9.8,345.0,18.66,2826.0
DCA,DFW,3178,599,3.44,9.53,1192.0,18.85,2060.56
PHX,SMF,3160,598,4.77,9.54,647.0,18.92,2852.46
TPA,JFK,2550,598,10.76,17.95,1005.0,23.45,6434.48
HOU,MSY,3049,598,6.76,9.73,302.0,19.61,4042.48
IAH,SAT,2312,598,12.02,16.27,191.0,25.87,7187.96
IND,ORD,3075,595,4.92,7.6,177.0,19.35,2927.4
DFW,BOS,3070,595,3.92,11.03,1562.0,19.38,2332.4
BWI,ORD,2466,595,9.9,13.84,622.0,24.13,5890.5
IAD,SFO,3620,595,-0.16,12.68,2419.0,16.44,0.0
CLE,LGA,2682,595,7.7,9.68,419.0,22.18,4581.5
EWR,DEN,2643,590,3.61,17.57,1605.0,22.32,2129.9
MDW,LGA,2184,588,12.41,18.9,725.0,26.92,7297.08
CLT,PHX,2842,588,2.82,8.36,1773.0,20.69,1658.16
ATL,RSW,3921,588,1.81,7.87,515.0,15.0,1064.28
DEN,COS,2064,587,14.43,15.14,73.0,28.44,8470.41
MIA,SJU,2438,587,9.48,11.83,1045.0,24.08,5564.76
ORD,STL,2566,587,8.1,13.3,258.0,22.88,4754.7
DFW,BTR,2335,586,13.33,13.79,383.0,25.1,7811.38
BWI,PVD,2498,583,9.33,12.23,327.0,23.34,5439.39
MCO,MIA,3034,583,8.68,9.83,192.0,19.22,5060.44
OAK,LAS,3493,582,4.93,7.96,407.0,16.66,2869.26
DFW,JAN,2280,581,11.94,12.24,408.0,25.48,6937.14
MSP,ATL,4714,580,-2.57,4.92,907.0,12.3,0.0
BOS,DEN,2398,580,4.78,13.47,1754.0,24.19,2772.4
DEN,DTW,2682,579,6.35,12.91,1123.0,21.59,3676.65
PHX,SNA,3842,578,2.8,5.95,338.0,15.04,1618.4
SLC,ORD,2651,576,8.58,13.52,1250.0,21.73,4942.08
DAY,ORD,2693,576,7.53,7.31,240.0,21.39,4337.28
LAS,BUR,3080,575,5.74,9.26,223.0,18.67,3300.5
JFK,BUF,2461,572,7.6,13.25,301.0,23.24,4347.2
RNO,LAX,1901,572,13.17,11.16,391.0,30.09,7533.24
JAN,DFW,2278,571,11.74,10.51,408.0,25.07,6703.54
TUS,LAX,2633,571,7.81,7.95,451.0,21.69,4459.51
ATL,BTR,2512,571,9.26,12.23,448.0,22.73,5287.46
PBI,EWR,2571,570,9.26,15.2,1023.0,22.17,5278.2
MDW,LAS,2748,570,4.08,13.6,1521.0,20.74,2325.6
SHV,DFW,2280,570,14.8,14.13,190.0,25.0,8436.0
DFW,DCA,3177,570,2.44,8.37,1192.0,17.94,1390.8
LAX,DAL,2468,569,7.76,11.67,1246.0,23.06,4415.44
ORD,ICT,2190,569,10.77,13.48,588.0,25.98,6128.13
DFW,SHV,2280,568,12.86,15.31,190.0,24.91,7304.48
ORD,CID,2843,568,5.59,9.95,196.0,19.98,3175.12
ORD,AUS,2239,567,10.47,16.31,977.81,25.32,5936.49
ATL,RIC,3572,566,2.12,8.26,481.0,15.85,1199.92
SFO,HNL,2067,566,13.34,20.16,2398.0,27.38,7550.44
FLL,BOS,2184,563,10.51,14.41,1237.0,25.78,5917.13
MDW,DTW,2815,562,7.9,11.82,228.0,19.96,4439.8
BOS,DTW,3423,562,3.38,9.71,632.0,16.42,1899.56
PHX,PDX,3102,561,2.39,8.02,1009.0,18.09,1340.79
LGA,RDU,1957,561,11.87,13.05,431.0,28.67,6659.07
MSN,ORD,3181,561,4.55,4.92,108.0,17.64,2552.55
PHL,CLT,3103,560,2.83,7.34,449.0,18.05,1584.8
RDU,LGA,1878,560,15.36,15.83,431.0,29.82,8601.6
MDW,DEN,2720,559,3.25,13.12,895.0,20.55,1816.75
BUR,OAK,3759,558,4.08,7.13,325.0,14.84,2276.64
DEN,BOS,2407,558,6.29,15.57,1754.0,23.18,3509.82
SLC,LAS,3731,558,2.98,6.52,368.0,14.96,1662.84
DEN,SNA,3353,557,1.69,8.13,846.0,16.61,941.33
EWR,MIA,2715,557,2.18,12.69,1085.0,20.52,1214.26
MCO,DEN,2882,557,5.18,14.21,1546.0,19.33,2885.26
ORD,IND,3026,555,4.23,8.31,177.0,18.34,2347.65
STL,ORD,2785,555,7.37,9.89,258.0,19.93,4090.35
DAL,MCI,2167,555,11.24,13.08,460.0,25.61,6238.2
PHX,SJC,3102,552,4.5,8.5,621.0,17.79,2484.0
ORD,FLL,2531,551,6.81,15.55,1182.0,21.77,3752.31
LIH,HNL,5855,550,0.95,-0.93,102.0,9.39,522.5
DTW,BOS,3424,550,1.22,7.06,632.0,16.06,671.0
ABQ,PHX,2470,550,8.97,9.6,328.0,22.27,4933.5
LAS,IAH,2788,548,5.76,10.52,1222.0,19.66,3156.48
DTW,MDW,2798,548,6.81,10.76,228.0,19.59,3731.88
PHX,IAH,3273,547,3.2,7.48,1009.0,16.71,1750.4
LAX,MSP,3091,547,2.45,9.91,1535.0,17.7,1340.15
FLL,ORD,2534,547,5.33,11.31,1182.0,21.59,2915.51
MSP,MDW,3027,545,4.38,9.98,349.0,18.0,2387.1
LAX,FLL,1747,545,13.88,16.21,2342.72,31.2,7564.6
LAS,ATL,4113,544,-0.51,8.14,1747.0,13.23,0.0
RNO,LAS,3218,542,4.34,7.74,345.0,16.84,2352.28
ATL,AUS,3154,542,3.17,10.55,813.0,17.18,1718.14
ATL,MCI,3478,540,1.84,9.49,692.0,15.53,993.6
CLT,DCA,2456,539,7.83,7.4,331.0,21.95,4220.37
SJU,MCO,3552,539,0.56,8.13,1189.0,15.17,301.84
SFO,IAD,3478,538,0.21,11.84,2419.0,15.47,112.98
ORD,MCI,2201,538,9.91,13.17,403.0,24.44,5331.58
LAX,IAD,3525,537,-1.79,9.07,2288.0,15.23,0.0
PDX,LAX,3279,537,2.86,4.92,834.0,16.38,1535.82
SEA,GEG,3178,537,5.35,5.76,224.0,16.9,2872.95
DTW,LAS,2933,536,1.02,9.14,1749.0,18.27,546.72
SMF,SEA,3424,536,4.02,4.16,605.0,15.65,2154.72
JFK,TPA,2552,536,3.72,13.24,1005.0,21.0,1993.92
ORD,TYS,2099,535,10.94,13.59,475.0,25.49,5852.9
SNA,DEN,3331,534,2.32,7.89,846.0,16.03,1238.88
XNA,DFW,2224,534,12.22,12.65,280.0,24.01,6525.48
ONT,PHX,2971,533,5.91,7.68,325.0,17.94,3150.03
SJC,LAS,2802,533,6.7,9.94,386.0,19.02,3571.1
DFW,TUL,2627,530,6.45,11.73,237.0,20.18,3418.5
DFW,DTW,2648,529,6.63,13.26,986.0,19.98,3507.27
SJC,SEA,4025,529,2.5,3.0,697.0,13.14,1322.5
DEN,MDW,2715,528,4.61,12.55,895.0,19.45,2434.08
DFW,CVG,2102,527,10.01,11.28,812.0,25.07,5275.27
DEN,OMA,2041,526,10.64,13.12,472.0,25.77,5596.64
BOS,DFW,3073,522,-0.75,6.16,1562.0,16.99,0.0
IAH,AUS,2035,521,14.36,17.55,140.0,25.6,7481.56
CLT,TPA,2856,521,5.03,6.94,507.0,18.24,2620.63
MSP,DFW,2575,521,6.59,11.34,852.0,20.23,3433.39
PDX,DEN,3423,520,3.17,7.45,991.0,15.19,1648.4
GRR,ORD,2820,520,5.51,8.16,137.0,18.44,2865.2
LGA,MDW,2219,520,5.44,16.76,725.0,23.43,2828.8
ORD,MEM,2228,520,7.94,11.1,491.0,23.34,4128.8
PBI,JFK,1910,520,13.18,18.53,1028.0,27.23,6853.6
LAS,MDW,2722,519,3.4,12.12,1521.0,19.07,1764.6
PBI,ATL,4197,517,0.97,7.4,545.0,12.32,501.49
TPA,LGA,1947,517,13.61,16.68,1010.0,26.55,7036.37
PHX,JFK,2327,516,5.21,12.44,2153.0,22.17,2688.36
BWI,MHT,2211,515,8.92,12.37,377.0,23.29,4593.8
PHX,ATL,3644,515,0.05,5.87,1587.0,14.13,25.75
DFW,MSY,2633,515,5.24,9.93,447.0,19.56,2698.6
SAN,SMF,2792,515,4.3,8.77,480.0,18.45,2214.5
DFW,TPA,2500,514,5.98,10.58,929.0,20.56,3073.72
DFW,SLC,2982,511,3.67,10.34,989.0,17.14,1875.37
DFW,GRK,2625,511,5.48,8.71,134.0,19.47,2800.28
DTW,DFW,2646,510,4.21,11.07,986.0,19.27,2147.1
LAX,AUS,2614,510,6.34,9.65,1242.0,19.51,3233.4
FAT,LAX,1693,510,14.09,11.81,209.0,30.12,7185.9
DFW,SGF,2222,510,8.97,11.1,364.0,22.95,4574.7
JFK,PHX,2326,509,1.92,11.66,2153.0,21.88,977.28
TPA,ORD,2427,509,5.55,11.72,1012.0,20.97,2824.95
DAL,DCA,2521,509,4.67,10.1,1184.0,20.19,2377.03
HPN,ATL,1877,509,13.76,14.54,780.0,27.12,7003.84
BWI,BUF,1803,509,11.0,14.43,281.0,28.23,5599.0
LAS,SMF,2489,508,6.2,11.04,397.0,20.41,3149.6
IAH,DTW,1918,507,11.98,14.64,1075.0,26.43,6073.86
DFW,MSP,2574,507,4.91,10.82,852.0,19.7,2489.37
STL,DAL,2120,506,8.26,12.82,546.0,23.87,4179.56
ORD,DAY,2643,506,5.23,8.67,240.0,19.14,2646.38
LAX,FAT,2017,505,11.6,11.46,209.0,25.04,5858.0
PSP,SFO,2145,505,10.79,13.89,421.0,23.54,5448.95
IAH,PHL,2178,505,7.54,14.6,1325.0,23.19,3807.7
PHX,OAK,2512,503,4.71,10.46,646.0,20.02,2369.13
CLT,LAX,1958,503,4.05,8.79,2125.0,25.69,2037.15
JFK,PBI,1913,503,8.6,13.15,1028.0,26.29,4325.8
IND,ATL,3816,502,0.5,6.97,432.0,13.16,251.0
DCA,TPA,2686,502,3.03,7.87,814.0,18.69,1521.06
SJC,PHX,3111,501,4.38,7.07,621.0,16.1,2194.38
PBI,BOS,1606,499,15.41,17.7,1197.0,31.07,7689.59
ATL,STL,3525,499,1.5,7.51,484.0,14.16,748.5
SLC,SEA,3460,499,2.16,3.26,689.0,14.42,1077.84
GEG,SEA,3178,498,5.97,3.73,224.0,15.67,2973.06
JFK,SEA,2094,498,4.5,14.62,2422.0,23.78,2241.0
SAT,DAL,3059,497,5.47,7.26,248.0,16.25,2718.59
ATL,CHA,2740,496,5.73,8.56,106.0,18.1,2842.08
ORD,LIT,2031,496,8.37,14.01,552.0,24.42,4151.52
PHL,IAH,2176,495,5.43,13.32,1325.0,22.75,2687.85
MDW,MCI,2474,494,5.77,11.36,405.0,19.97,2850.38
TPA,PHL,2382,494,8.08,11.34,920.0,20.74,3991.52
LAX,ABQ,1837,494,10.9,12.23,677.0,26.89,5384.6
SEA,SAN,3189,494,2.33,5.14,1050.0,15.49,1151.02
SNA,PHX,3846,494,2.34,4.69,338.0,12.84,1155.96
RIC,ATL,3572,494,1.47,8.78,481.0,13.83,726.18
ATL,PHX,3651,494,-3.26,6.66,1587.0,13.53,0.0
LGA,CLE,2692,493,1.4,7.62,419.0,18.31,690.2
MDW,HOU,2077,493,5.6,13.52,937.0,23.74,2760.8
DFW,TYS,1626,492,17.93,16.27,771.82,30.26,8821.56
ATL,HPN,1879,492,11.69,14.34,780.0,26.18,5751.48
JFK,CLT,2576,492,3.9,10.94,541.0,19.1,1918.8
SLC,DFW,2990,491,3.85,7.03,989.0,16.42,1890.35
PHX,CLT,2808,491,2.51,4.73,1773.0,17.49,1232.41
MDW,DCA,2895,491,2.19,9.67,601.0,16.96,1075.29
EWR,TPA,2110,490,6.47,16.61,997.0,23.22,3170.3
PHL,PHX,2411,490,1.29,9.29,2075.0,20.32,632.1
SBA,SFO,2097,489,9.35,12.53,262.0,23.32,4572.15
ORD,GRB,2767,489,3.64,7.29,173.0,17.67,1779.96
ATL,SFO,3126,487,-2.9,11.45,2139.0,15.58,0.0
ORD,OKC,1841,486,10.69,15.66,693.0,26.4,5195.34
ONT,SFO,2174,485,8.65,13.4,363.0,22.31,4195.25
ORD,RDU,1894,485,11.82,17.29,646.0,25.61,5732.7
PHL,TPA,2425,484,3.22,9.34,920.0,19.96,1558.48
PHL,LAS,2148,484,3.68,10.9,2176.0,22.53,1781.12
MDW,MCO,2581,484,2.71,9.36,990.0,18.75,1311.64
ORD,PDX,2149,484,6.54,16.52,1739.0,22.52,3165.36
FLL,DCA,2468,483,4.64,8.5,899.0,19.57,2241.12
DTW,EWR,2175,482,7.74,13.57,488.0,22.16,3730.68
SMF,SAN,2791,481,6.07,8.79,480.0,17.23,2919.67
HNL,KOA,6390,480,0.65,-1.11,163.0,7.51,312.0
OAK,PHX,2532,478,6.44,9.32,646.0,18.88,3078.32
CID,ORD,2704,478,5.85,7.42,196.0,17.68,2796.3
DFW,BNA,2751,478,3.2,8.81,631.0,17.38,1529.6
ATL,CMH,3277,477,1.26,8.04,447.0,14.56,601.02
DEN,MKE,2037,476,7.95,11.14,896.0,23.37,3784.2
EWR,PHX,2103,476,2.44,14.22,2133.0,22.63,1161.44
BWI,TPA,2177,475,6.17,12.66,842.0,21.82,2930.75
SJU,FLL,2791,475,2.47,8.94,1046.0,17.02,1173.25
MSP,SFO,2446,474,1.54,10.74,1589.0,19.38,729.96
GRB,ORD,2767,474,5.17,4.32,173.0,17.13,2450.58
LAX,OGG,2708,474,5.66,10.24,2486.0,17.5,2682.84
DFW,MCI,2560,473,5.36,8.85,460.0,18.48,2535.28
MDW,LAX,1858,473,4.88,14.96,1750.0,25.46,2308.24
DAL,ATL,2872,471,2.24,9.73,721.0,16.4,1055.04
MDW,STL,2147,471,7.78,11.07,251.0,21.94,3664.38
DTW,DEN,2694,470,1.51,9.78,1123.0,17.45,709.7
MCI,DFW,2561,470,8.82,10.1,460.0,18.35,4145.4
AGS,ATL,2360,470,8.42,8.45,143.0,19.92,3957.4
PHX,PHL,2449,469,2.69,7.9,2075.0,19.15,1261.61
LGA,DAL,2563,469,-2.43,11.14,1381.0,18.3,0.0
MCO,PVD,2032,468,10.52,14.78,1072.0,23.03,4923.36
MCO,IAD,1658,468,13.28,17.84,758.0,28.23,6215.04
BUR,LAS,3050,468,4.07,7.0,223.0,15.34,1904.76
DTW,IAH,2010,467,5.5,11.93,1075.0,23.23,2568.5
LIT,ORD,2039,467,9.32,11.32,552.0,22.9,4352.44
MDW,PHX,2259,466,2.98,12.36,1444.0,20.63,1388.68
MDW,EWR,1804,465,11.58,17.72,711.0,25.78,5384.7
AUS,LAX,2597,465,3.72,9.78,1242.0,17.91,1729.8
MSP,IAH,1747,465,10.7,12.89,1034.0,26.62,4975.5
BNA,ATL,3231,465,1.15,7.04,214.0,14.39,534.75
ORD,JFK,1577,465,14.56,22.25,740.0,29.49,6770.4
DEN,SMF,2398,464,4.26,12.38,909.0,19.35,1976.64
DTW,MCO,2635,463,2.99,5.89,957.0,17.57,1384.37
BWI,RDU,1952,463,10.65,14.5,255.0,23.72,4930.95
MCO,LAX,2414,462,4.28,12.45,2218.0,19.14,1977.36
ICT,ORD,2097,462,11.11,13.49,588.0,22.03,5132.82
TPA,EWR,2101,461,8.36,14.92,997.0,21.94,3853.96
SEA,JFK,2096,461,4.07,12.86,2422.0,21.99,1876.27
BOS,PBI,1606,461,10.38,12.51,1197.0,28.7,4785.18
IAH,TPA,1767,461,10.65,15.68,787.0,26.09,4909.65
TYS,ORD,2092,460,9.84,10.44,475.0,21.99,4526.4
CLT,FLL,2435,459,4.16,7.32,631.71,18.85,1909.44
SGF,ORD,2034,459,11.97,13.82,438.0,22.57,5494.23
EWR,DFW,2604,458,0.93,10.86,1372.0,17.59,425.94
MCO,CLT,2957,458,4.37,6.29,468.0,15.49,2001.46
ORD,OMA,2036,457,7.77,12.65,416.0,22.45,3550.89
ORD,TUL,2071,457,6.22,12.05,585.0,22.07,2842.54
IAD,ATL,2636,457,3.53,10.23,534.0,17.34,1613.21
ORD,IAD,1940,457,10.18,17.58,588.86,23.56,4652.26
DAL,STL,2104,456,7.97,11.51,546.0,21.67,3634.32
MSP,LAS,2545,456,0.65,7.33,1299.0,17.92,296.4
IAH,SAN,2033,456,5.69,15.16,1303.0,22.43,2594.64
DFW,VPS,1760,455,11.46,13.91,641.0,25.85,5214.3
DFW,SNA,2877,455,1.75,9.03,1205.0,15.82,796.25
ORD,FSD,2042,454,7.45,9.24,462.0,22.23,3382.3
OKC,DFW,2711,454,4.87,8.15,175.0,16.75,2210.98
BOS,RIC,2297,454,7.38,10.38,474.0,19.76,3350.52
ORD,SGF,1997,453,8.25,12.04,438.0,22.68,3737.25
TYS,DFW,1624,453,16.02,18.17,771.82,27.89,7257.06
DCA,MDW,2906,453,1.23,7.97,601.0,15.59,557.19
ORD,FAR,2100,452,8.14,11.2,557.0,21.52,3679.28
MCO,DTW,2634,452,4.75,8.3,957.0,17.16,2147.0
RIC,ORD,2088,452,7.9,12.67,642.0,21.65,3570.8
PHX,ABQ,2454,452,5.41,7.24,328.0,18.42,2445.32
PHL,FLL,1907,451,3.05,9.5,992.0,23.65,1375.55
PHL,MSP,2365,451,3.47,8.03,980.0,19.07,1564.97
FSD,ORD,2023,450,10.05,9.91,462.0,22.24,4522.5
SEA,SLC,3463,449,1.68,5.34,689.0,12.97,754.32
LAX,MCO,2417,448,3.94,8.56,2218.0,18.54,1765.12
ATL,JFK,1910,448,9.37,17.62,760.0,23.46,4197.76
ATL,CAE,2685,448,5.48,8.83,192.0,16.69,2455.04
MCI,ORD,2132,448,10.54,11.76,403.0,21.01,4721.92
AUS,ATL,3163,448,4.42,8.79,813.0,14.16,1980.16
SFO,PSP,2140,447,7.65,9.73,421.0,20.89,3419.55
OAK,ONT,2144,447,7.4,10.31,362.0,20.85,3307.8
IAH,SEA,2216,447,4.97,15.0,1874.0,20.17,2221.59
DTW,CLT,3086,446,0.5,4.71,500.0,14.45,223.0
MOB,ATL,2253,446,8.79,8.14,302.0,19.8,3920.34
MDW,PHL,1892,446,9.35,15.56,668.0,23.57,4170.1
BOS,MIA,2317,445,1.87,8.13,1258.0,19.21,832.15
SAN,DFW,3299,445,1.97,7.82,1171.0,13.49,876.65
STL,ATL,3520,444,-1.17,5.47,484.0,12.61,0.0
MSP,LGA,2146,444,4.76,9.66,1020.0,20.69,2113.44
ORD,BUF,2005,444,7.05,12.59,473.21,22.14,3130.2
MGM,ATL,2202,444,8.14,8.68,147.0,20.16,3614.16
MCO,MDW,2576,444,3.71,10.77,990.0,17.24,1647.24
DTW,MSP,2645,443,3.87,8.56,528.0,16.75,1714.41
PHL,SFO,2072,443,1.15,13.13,2521.0,21.38,509.45
MEM,ORD,2231,443,6.83,9.89,491.0,19.86,3025.69
ATL,MEM,3111,442,1.07,7.85,332.0,14.21,472.94
SFO,AUS,2034,442,6.45,12.62,1504.0,21.73,2850.9
LGA,CMH,1439,442,11.32,13.76,479.0,30.72,5003.44
DTW,FLL,2624,441,1.69,8.44,1127.0,16.81,745.29
OKC,ORD,1807,440,11.5,13.77,693.0,24.35,5060.0
DCA,FLL,2468,439,1.89,6.05,899.0,17.79,829.71
SMF,PHX,3164,439,3.23,6.12,647.0,13.87,1417.97
SAN,ORD,2680,439,-0.33,7.58,1723.0,16.38,0.0
ATL,GNV,2088,439,8.07,9.08,300.0,21.02,3542.73
SMF,LAS,2513,439,5.3,8.85,397.0,17.47,2326.7
CVG,DFW,2097,439,4.66,9.43,812.0,20.93,2045.74
ORD,RIC,2141,438,7.17,11.43,642.0,20.46,3140.46
SMF,SFO,1624,438,14.33,14.44,86.0,26.97,6276.54
CLT,DTW,3090,438,0.01,4.4,500.0,14.17,4.38
LGA,IAH,2298,437,0.85,14.28,1416.0,19.02,371.45
CLT,DEN,1902,437,6.43,8.29,1337.0,22.98,2809.91
LAX,PDX,3278,436,-0.19,4.22,834.0,13.3,0.0
ATL,MOB,2254,436,7.02,9.18,302.0,19.34,3060.72
ATL,MGM,2202,436,6.93,8.97,147.0,19.8,3021.48
ATL,SAV,3140,436,3.08,7.42,214.0,13.89,1342.88
IAD,MCO,1666,435,9.92,14.28,758.0,26.11,4315.2
ATL,PIT,3255,435,1.28,8.43,526.0,13.36,556.8
TUL,ORD,2110,434,8.14,11.09,585.0,20.57,3532.76
DEN,STL,1842,434,8.79,12.7,770.0,23.56,3814.86
LAX,RNO,1913,434,8.49,11.09,391.0,22.69,3684.66
STL,MSP,2254,434,6.08,8.35,448.0,19.25,2638.72
ATL,AGS,2361,434,6.33,8.84,143.0,18.38,2747.22
CLT,SFO,1819,434,5.04,11.33,2296.0,23.86,2187.36
DAL,MSY,2410,433,6.27,8.92,436.0,17.97,2714.91
DEN,TUS,1861,433,7.88,11.59,639.0,23.27,3412.04
DEN,BWI,1899,433,6.15,14.87,1491.0,22.8,2662.95
ATL,MKE,3160,433,-0.02,8.03,669.0,13.7,0.0
MSP,DTW,2645,432,4.13,6.92,528.0,16.33,1784.16
MIA,TPA,1998,431,6.72,10.02,204.0,21.57,2896.32
MCI,DEN,2124,431,9.2,12.62,533.0,20.29,3965.2
LGA,MSP,2144,431,4.06,14.13,1020.0,20.1,1749.86
GRK,DFW,2626,430,4.16,4.96,134.0,16.37,1788.8
MSY,HOU,3052,430,2.22,7.32,302.0,14.09,954.6
VPS,DFW,1759,430,11.61,13.52,641.0,24.45,4992.3
ATL,GSO,2667,429,4.6,9.78,306.0,16.09,1973.4
ATL,IAD,2622,429,3.24,10.03,534.0,16.36,1389.96
RSW,ATL,3915,429,-2.21,3.79,515.0,10.96,0.0
ORD,RSW,1827,429,8.28,14.41,1120.0,23.48,3552.12
OMA,ORD,2004,428,8.41,10.72,416.0,21.36,3599.48
DFW,CRP,1496,428,13.24,14.13,354.0,28.61,5666.72
RDU,ORD,1950,428,8.92,13.27,646.0,21.95,3817.76
DEN,OKC,1804,428,8.38,11.75,495.0,23.73,3586.64
LAS,PDX,2582,428,2.24,6.86,763.0,16.58,958.72
CHA,ATL,2711,427,4.39,7.34,106.0,15.75,1874.53
MDW,BWI,1977,427,7.75,13.69,611.0,21.6,3309.25
DEN,MCI,2101,426,7.44,10.35,533.0,20.28,3169.44
CMH,ATL,3266,426,-0.53,6.78,447.0,13.04,0.0
ORD,SNA,2164,425,0.93,11.53,1726.0,19.64,395.25
RSW,BOS,1634,425,10.11,12.44,1249.0,26.01,4296.75
SAN,SEA,3192,425,-1.28,2.99,1050.0,13.31,0.0
RIC,LGA,1381,424,16.62,15.38,292.0,30.7,7046.88
OGG,LAX,2711,424,1.08,10.28,2486.0,15.64,457.92
RSW,ORD,1827,424,7.54,11.55,1120.0,23.21,3196.96
DEN,BOI,1947,424,7.21,13.0,649.0,21.78,3057.04
LAX,HOU,1543,423,9.67,14.59,1390.0,27.41,4090.41
GNV,ATL,2089,423,8.84,8.99,300.0,20.25,3739.32
ATL,SAT,2864,423,1.01,7.93,874.0,14.77,427.23
BUF,JFK,2461,422,1.87,8.5,301.0,17.15,789.14
ORD,PIT,1921,422,7.76,13.0,413.0,21.97,3274.72
DFW,ABI,2327,422,3.9,7.71,158.0,18.13,1645.8
LAS,DTW,2931,421,1.67,8.14,1749.0,14.36,703.07
PIA,ORD,2180,420,6.4,7.55,130.0,19.27,2688.0
MSY,IAH,2681,420,4.79,7.12,305.0,15.67,2011.8
STL,LGA,1636,420,9.26,13.33,888.0,25.67,3889.2
DCA,CLT,2502,420,3.59,4.45,331.0,16.79,1507.8
TPA,DFW,2500,419,4.77,9.72,929.0,16.76,1998.63
MCI,DAL,2163,419,5.18,8.84,460.0,19.37,2170.42
DEN,PHL,2131,419,3.05,10.87,1558.0,19.66,1277.95
IAH,FLL,1848,419,9.25,15.04,965.72,22.67,3875.75
SGF,DFW,2221,418,7.75,7.73,364.0,18.82,3239.5
LAS,SNA,2417,417,3.9,7.31,226.0,17.25,1626.3
MSY,DFW,2634,417,3.68,7.59,447.0,15.83,1534.56
LGA,TPA,1945,415,5.81,14.97,1010.0,21.34,2411.15
FAR,ORD,2101,415,7.75,8.94,557.0,19.75,3216.25
ONT,OAK,2127,415,6.12,11.29,362.0,19.51,2539.8
ATL,BHM,3211,415,0.54,6.58,134.0,12.92,224.1
EWR,BNA,1948,414,5.61,12.36,748.0,21.25,2322.54
DFW,STL,2538,414,2.44,7.67,550.0,16.31,1010.16
LAX,MDW,1864,414,5.16,13.66,1750.0,22.21,2136.24
LAX,CLT,1959,414,2.44,6.75,2125.0,21.13,1010.16
SLC,IAH,2000,414,5.24,8.51,1195.0,20.7,2169.36
BWI,BNA,1897,413,7.57,13.24,587.0,21.77,3126.41
BNA,DFW,2750,412,3.88,9.4,631.0,14.98,1598.56
CLT,PIT,2462,412,4.84,5.85,366.0,16.73,1994.08
PHL,LAX,1886,412,1.21,8.77,2402.0,21.85,498.52
ORD,FWA,2261,412,3.15,8.03,157.0,18.22,1297.8
ITO,HNL,4794,411,0.63,-1.18,216.0,8.57,258.93
DTW,PHX,2715,410,-2.46,6.27,1671.0,15.1,0.0
BWI,ALB,1704,410,9.4,12.78,289.0,24.06,3854.0
LGA,STL,1636,410,6.75,14.57,888.0,25.06,2767.5
DTW,PHL,1989,410,5.26,10.89,453.0,20.61,2156.6
DEN,HOU,1762,409,6.75,11.31,883.0,23.21,2760.75
DFW,TUS,2198,409,4.23,10.79,813.0,18.61,1730.07
OMA,DEN,2083,409,5.97,11.16,472.0,19.64,2441.73
BWI,DTW,2418,408,5.47,10.06,409.0,16.87,2231.76
PHL,DEN,2142,408,0.0,10.61,1558.0,19.05,0.0
ATL,BNA,3230,407,1.47,7.36,214.0,12.6,598.29
LAS,PHL,2147,407,2.93,9.38,2176.0,18.96,1192.51
FWA,ORD,2265,407,6.51,8.38,157.0,17.97,2649.57
SFO,ONT,2174,406,5.48,7.03,363.0,18.68,2224.88
BNA,BWI,1883,405,6.76,11.87,587.0,21.51,2737.8
PHX,DTW,2717,405,-0.13,7.56,1671.0,14.91,0.0
RDU,JFK,1597,405,9.88,13.45,427.0,25.36,4001.4
BWI,LAS,1716,404,5.1,15.23,2106.0,23.54,2060.4
GSO,ATL,2668,404,3.34,9.36,306.0,15.14,1349.36
BWI,DEN,1904,404,3.67,14.31,1491.0,21.22,1482.68
JFK,SLC,1839,403,3.25,13.03,1990.0,21.91,1309.75
STL,EWR,1864,403,9.43,13.14,872.0,21.62,3800.29
MKE,MSP,2237,403,3.54,5.61,297.0,18.02,1426.62
IAH,DCA,2037,403,5.3,14.54,1208.0,19.78,2135.9
MDW,OMA,1693,402,8.49,12.53,423.0,23.74,3412.98
DEN,IND,1892,402,7.61,11.25,977.0,21.25,3059.22
RIC,BOS,2297,402,4.79,8.32,474.0,17.5,1925.58
CMH,LGA,1439,400,13.14,14.74,479.0,27.8,5256.0
BUF,ORD,2008,400,5.68,9.44,473.21,19.92,2272.0
STL,DFW,2536,399,1.55,5.21,550.0,15.73,618.45
IAH,MFE,1957,399,7.7,9.17,316.0,20.39,3072.3
MDW,CMH,1821,398,6.94,10.16,283.0,21.86,2762.12
DEN,SJC,2122,398,4.71,11.62,948.0,18.76,1874.58
MKE,ATL,3156,398,-1.21,6.55,669.0,12.61,0.0
BHM,ATL,3212,398,-0.98,6.74,134.0,12.39,0.0
MEM,ATL,3108,398,0.3,6.97,332.0,12.81,119.4
SNA,LAS,2412,397,4.03,7.83,226.0,16.46,1599.91
LAX,DTW,2003,397,5.18,13.42,1979.0,19.82,2056.46
AUS,ORD,2283,397,4.93,10.3,977.82,17.39,1957.21
FLL,DFW,2709,396,0.01,6.59,1119.0,14.62,3.96
TUL,DFW,2629,396,3.08,6.53,237.0,15.06,1219.68
MIA,DEN,1349,395,12.57,16.95,1709.0,29.28,4965.15
CLT,MSP,2129,395,1.99,8.35,930.0,18.55,786.05
SJU,MIA,2436,395,3.48,7.87,1045.0,16.22,1374.6
IAD,ORD,1745,394,8.21,13.7,588.87,22.58,3234.74
HNL,LIH,5856,394,0.27,-1.48,102.0,6.73,106.38
HOU,MCO,1399,393,12.0,15.77,849.0,28.09,4716.0
DEN,BNA,2074,393,6.06,9.39,1014.0,18.95,2381.58
SNA,DFW,2877,393,2.23,5.35,1205.0,13.66,876.39
MCI,ATL,3490,393,-0.08,5.7,692.0,11.26,0.0
SFO,EUG,1864,392,6.86,9.76,451.0,21.03,2689.12
HNL,ITO,4794,392,1.38,-0.56,216.0,8.18,540.96
MSP,PHL,2372,392,0.98,6.87,980.0,16.53,384.16
DAL,ABQ,1572,391,9.88,14.48,580.0,24.87,3863.08
DCA,EWR,1516,390,10.54,10.28,199.0,25.73,4110.6
PHX,EWR,2106,390,1.09,11.57,2133.0,18.52,425.1
JFK,ATL,1913,389,2.88,17.39,760.0,20.33,1120.32
CLT,RDU,2127,389,5.12,5.84,130.0,18.29,1991.68
PIT,ORD,1785,389,6.21,11.77,413.0,21.79,2415.69
IAD,BOS,2019,389,6.79,11.21,413.0,19.27,2641.31
BNA,MDW,2084,388,5.64,10.48,395.0,18.62,2188.32
LAS,ONT,1372,388,13.19,15.91,197.0,28.28,5117.72
FLL,LAX,1752,387,5.05,14.54,2342.72,22.09,1954.35
SFO,ATL,3127,387,-3.29,6.91,2139.0,12.38,0.0
BOS,RSW,1634,386,5.18,9.63,1249.0,23.62,1999.48
BWI,MDW,1976,386,5.64,13.12,611.0,19.53,2177.04
DFW,LIT,1322,385,13.81,14.67,304.0,29.12,5316.85
PHX,MDW,2256,385,2.39,10.45,1444.0,17.07,920.15
SNA,SJC,2705,385,3.48,6.97,342.0,14.23,1339.8
HOU,MDW,2087,385,4.48,11.6,937.0,18.45,1724.8
SMF,ONT,2044,384,7.18,10.18,390.0,18.79,2757.12
CRP,DFW,1497,384,11.69,12.29,354.0,25.65,4488.96
JFK,ORD,1574,384,7.77,14.12,740.0,24.4,2983.68
MSP,STL,2273,383,3.6,7.43,448.0,16.85,1378.8
DFW,BWI,1774,383,7.22,12.82,1217.0,21.59,2765.26
DCA,IAH,2039,383,2.96,11.23,1208.0,18.78,1133.68
TPA,DCA,2684,383,2.12,5.66,814.0,14.27,811.96
JFK,AUS,1588,382,4.65,14.96,1521.0,24.06,1776.3
ATL,CLE,2850,382,1.06,8.61,554.0,13.4,404.92
DAL,MDW,1980,381,4.71,12.44,793.0,19.24,1794.51
SJC,SNA,2710,381,3.13,6.0,342.0,14.06,1192.53
IAH,SLC,2042,380,3.68,11.31,1195.0,18.61,1398.4
AUS,SFO,2051,380,6.53,16.17,1504.0,18.53,2481.4
TPA,CLT,2899,379,3.01,4.35,507.0,13.07,1140.79
SAV,ATL,3140,379,-0.76,6.28,214.0,12.07,0.0
PVD,BWI,2517,379,1.61,8.19,327.0,15.06,610.19
COS,DEN,2088,379,8.19,9.3,73.0,18.15,3104.01
SFO,SBA,2098,378,4.37,7.4,262.0,18.02,1651.86
BWI,ISP,1546,377,11.37,14.68,220.0,24.39,4286.49
ATL,GSP,2470,377,2.94,8.11,153.0,15.26,1108.38
AUS,IAH,2079,377,8.69,10.68,140.0,18.13,3276.13
TPA,BWI,2182,377,3.68,9.18,842.0,17.28,1387.36
CLT,JAX,2085,376,4.83,6.25,328.0,18.03,1816.08
MDW,BNA,2100,376,5.19,9.61,395.0,17.9,1951.44
DTW,TPA,2133,376,3.53,9.7,983.0,17.63,1327.28
MSY,ORD,1364,376,12.63,14.0,837.0,27.57,4748.88
LAS,MSP,2543,375,1.57,7.01,1299.0,14.75,588.75
IAH,BTR,2320,375,3.83,4.18,253.0,16.16,1436.25
ORD,MSY,1399,374,11.66,18.42,837.0,26.73,4360.84
ORD,PIA,2177,374,2.47,7.22,130.0,17.18,923.78
DEN,TPA,1588,373,8.74,12.98,1506.0,23.49,3260.02
IAH,MAF,2064,373,4.34,4.56,429.0,18.07,1618.82
ORD,LEX,2014,373,4.36,7.48,323.0,18.52,1626.28
ORD,BDL,1521,371,9.89,14.9,783.0,24.39,3669.19
IAH,CRP,2135,371,5.31,5.12,201.0,17.38,1970.01
DEN,SAT,1727,371,5.38,10.31,794.0,21.48,1995.98
MSP,SEA,2549,371,1.78,5.3,1399.0,14.55,660.38
LFT,IAH,2173,371,6.11,5.89,201.0,17.07,2266.81
IAH,BOS,1675,370,6.4,17.15,1597.0,22.09,2368.0
MDW,DAL,1991,370,0.38,10.81,793.0,18.58,140.6
ABQ,DAL,1581,370,9.94,12.06,580.0,23.4,3677.8
OAK,PDX,1779,370,5.98,11.6,543.0,20.8,2212.6
ABQ,LAX,1834,370,6.43,8.48,677.0,20.17,2379.1
ONT,SMF,2024,370,6.69,10.72,390.0,18.28,2475.3
OAK,SNA,2471,370,3.63,6.83,371.0,14.97,1343.1
MDW,BOS,1385,370,11.62,15.44,861.0,26.71,4299.4
EWR,CLE,1593,369,7.2,17.63,404.0,23.16,2656.8
LIT,DFW,1323,369,14.19,14.15,304.0,27.89,5236.11
BOI,DEN,1922,369,7.42,10.97,649.0,19.2,2737.98
PHX,STL,2121,368,1.71,7.32,1262.0,17.35,629.28
MSY,DAL,2408,368,3.32,6.81,436.0,15.28,1221.76
ATL,DAL,2856,368,-2.1,9.16,721.0,12.89,0.0
DTW,LAX,2003,368,0.82,10.46,1979.0,18.37,301.76
STL,MDW,2127,368,5.41,9.27,251.0,17.3,1990.88
DAL,SFO,1319,367,12.92,17.84,1476.0,27.82,4741.64
SEA,ATL,2672,367,-1.39,7.39,2182.0,13.74,0.0
BUR,SFO,1589,366,9.75,12.38,326.0,23.03,3568.5
TPA,MIA,1998,366,7.33,7.99,204.0,18.32,2682.78
DFW,HOU,1571,365,9.96,11.75,247.0,23.23,3635.4
HPN,ORD,1799,365,5.51,11.05,738.0,20.29,2011.15
FLL,PHL,1915,364,4.57,7.81,992.0,19.01,1663.48
RNO,SFO,1613,364,8.41,11.2,192.0,22.57,3061.24
DEN,ABQ,1660,363,7.24,10.21,349.0,21.87,2628.12
FLL,DTW,2624,363,0.0,7.25,1127.0,13.83,0.0
SMF,DEN,2391,362,1.82,8.05,909.0,15.14,658.84
PHL,DTW,1999,362,5.32,9.17,453.0,18.11,1925.84
SNA,OAK,2485,362,2.26,7.13,371.0,14.57,818.12
PHX,AUS,1581,362,7.51,11.39,872.0,22.9,2718.62
EUG,SFO,1863,362,6.45,10.52,451.0,19.43,2334.9
PDX,LAS,2566,361,2.37,4.71,763.0,14.07,855.57
EVV,ORD,1737,361,8.11,6.79,272.19,20.78,2927.71
EWR,STL,1806,360,3.73,9.83,872.0,19.93,1342.8
PHX,DAL,1457,360,8.85,13.96,879.0,24.71,3186.0
JFK,RDU,1595,360,5.25,9.57,427.0,22.57,1890.0
DEN,TUL,1494,359,9.51,11.36,541.0,24.03,3414.09
SEA,HNL,1744,359,1.68,6.17,2677.0,20.58,603.12
ATL,HSV,2463,359,2.68,7.97,151.0,14.58,962.12
DFW,ACT,1611,359,10.18,12.76,89.0,22.28,3654.62
SJU,EWR,1195,359,9.95,19.52,1608.0,30.04,3572.05
BOS,SEA,1494,358,4.47,8.82,2496.0,23.96,1600.26
SEA,PDX,1851,358,5.71,7.46,129.0,19.34,2044.18
ATL,CHS,3197,358,-0.8,4.84,259.0,11.2,0.0
ABI,DFW,2329,358,3.13,5.55,158.0,15.37,1120.54
ORD,MDT,1594,358,8.29,13.45,594.0,22.46,2967.82
MDW,CLE,1813,357,5.42,10.41,307.0,19.69,1934.94
ATL,SHV,2032,357,3.58,8.42,551.0,17.57,1278.06
LGA,GSO,1295,357,12.49,15.78,461.0,27.57,4458.93
TPA,IAH,1778,356,5.71,11.06,787.0,20.02,2032.76
PHX,MCI,1825,356,6.01,9.83,1044.0,19.51,2139.56
EWR,DTW,2173,356,3.84,10.63,488.0,16.38,1367.04
BWI,DFW,1773,356,7.17,14.57,1217.0,20.08,2552.52
PDX,ORD,2164,356,3.36,8.76,1739.0,16.45,1196.16
LAS,BWI,1713,355,5.07,13.58,2106.0,20.72,1799.85
LAX,PHL,1886,355,-2.5,4.72,2402.0,18.82,0.0
GSO,LGA,1295,355,14.35,12.89,461.0,27.41,5094.25
MDW,PIT,1761,355,6.48,10.54,402.0,20.16,2300.4
PHX,SAT,1549,354,7.79,12.9,843.0,22.85,2757.66
CAE,ATL,2684,353,4.41,7.6,192.0,13.15,1556.73
ORD,SYR,1641,353,7.1,12.0,607.0,21.51,2506.3
ATL,SDF,2740,353,1.63,7.67,321.0,12.88,575.39
IAH,LFT,2153,353,4.54,4.78,201.0,16.4,1602.62
MEM,IAH,1691,352,6.02,8.27,468.0,20.82,2119.04
LAX,SAT,1539,352,6.53,10.87,1211.0,22.87,2298.56
STL,DEN,1875,351,4.18,10.52,770.0,18.72,1467.18
SLC,JFK,1839,351,3.94,12.44,1990.0,19.09,1382.94
MIA,CLT,2982,351,-1.02,5.52,650.0,11.77,0.0
EWR,DCA,1515,351,8.37,11.34,199.0,23.17,2937.87
SNA,SMF,2132,350,3.97,8.11,404.0,16.42,1389.5
DTW,BWI,2412,350,1.36,8.1,409.0,14.51,476.0
SAT,IAH,2303,350,4.32,7.13,191.0,15.2,1512.0
LAX,BNA,1642,349,4.1,9.41,1797.0,21.25,1430.9
LGA,RIC,1383,349,8.27,14.81,292.0,25.23,2886.23
MCO,PIT,1464,348,8.56,13.63,834.0,23.77,2978.88
MKE,DEN,2009,348,1.35,6.6,896.0,17.32,469.8
RDU,BWI,1952,348,4.77,9.48,255.0,17.83,1659.96
JFK,SAN,1710,347,-0.96,10.94,2446.0,20.29,0.0
SAT,LAX,1556,347,5.8,12.8,1211.0,22.3,2012.6
BOS,IAH,1678,347,2.66,13.25,1597.0,20.68,923.02
LIT,IAH,1784,347,7.47,9.09,374.0,19.45,2592.09
PHL,MDW,1892,347,4.08,12.2,668.0,18.34,1415.76
FLL,TPA,1929,346,4.5,10.82,197.0,17.94,1557.0
IAH,MEM,1733,345,7.37,7.05,468.0,19.91,2542.65
CLT,RSW,1726,344,4.6,6.3,600.0,19.93,1582.4
SAT,ATL,2865,344,0.24,6.38,874.0,12.01,82.56
CHS,JFK,1201,344,14.58,20.18,636.0,28.64,5015.52
IND,DEN,1849,343,3.81,11.22,977.0,18.55,1306.83
IAH,MSP,1672,343,5.6,9.14,1034.0,20.51,1920.8
BNA,EWR,1853,343,6.52,9.51,748.0,18.51,2236.36
SFO,PHL,2090,342,-1.7,8.02,2521.0,16.36,0.0
DFW,TYR,1611,342,9.42,9.79,102.0,21.23,3221.64
PDX,OAK,1793,341,5.74,10.39,543.0,19.02,1957.34
SEA,MSP,2547,341,1.89,6.26,1399.0,13.39,644.49
PHX,ELP,1450,341,8.22,10.78,347.0,23.52,2803.02
MCO,BDL,1672,340,7.23,12.49,1050.0,20.33,2458.2
DFW,ABQ,1796,340,4.22,9.73,569.0,18.93,1434.8
SFO,SMF,1623,340,7.7,9.6,86.0,20.95,2618.0
ATL,TLH,2106,340,3.29,8.61,223.0,16.14,1118.6
MCI,MDW,2465,339,2.15,6.88,405.0,13.75,728.85
DFW,LFT,1616,339,7.99,8.66,351.0,20.98,2708.61
ATL,SEA,2673,339,-2.77,8.57,2182.0,12.68,0.0
BTR,IAH,2321,339,3.47,3.45,253.0,14.61,1176.33
PDX,PHX,3098,338,0.98,3.58,1009.0,10.91,331.24
BOI,SFO,1397,338,11.7,16.13,522.0,24.19,3954.6
PHX,BUR,1884,337,5.23,9.45,369.0,17.89,1762.51
LAS,MCI,1608,337,6.21,13.08,1139.0,20.96,2092.77
ORD,FNT,1859,337,2.98,7.99,223.0,18.13,1004.26
EWR,LAS,1707,336,1.14,18.51,2227.0,19.68,383.04
PHL,SJU,1028,336,11.0,12.75,1576.0,32.68,3696.0
PVD,MCO,2023,336,0.84,8.77,1072.0,16.61,282.24
DEN,CLT,1902,333,2.08,5.35,1337.0,17.51,692.64
HOU,DFW,1569,332,11.02,11.97,247.0,21.16,3658.64
SEA,IAH,2204,332,2.36,8.67,1874.0,15.06,783.52
DEN,ASE,1089,331,14.61,13.49,125.0,30.39,4835.91
SFO,RNO,1606,331,8.0,9.71,192.0,20.61,2648.0
MCI,IAH,1698,330,7.13,6.31,643.0,19.43,2352.9
CLE,EWR,1544,330,9.89,14.29,404.0,21.37,3263.7
EWR,MDW,1822,330,3.2,13.2,711.0,18.11,1056.0
DAL,MAF,1516,330,8.35,10.7,319.0,21.77,2755.5
LAS,FLL,1033,329,13.98,15.36,2173.0,31.85,4599.42
JAN,IAH,1953,328,3.52,4.35,351.0,16.79,1154.56
SFO,FLL,1245,328,11.17,16.17,2583.68,26.35,3663.76
IAD,IAH,1399,328,7.72,15.67,1190.0,23.45,2532.16
OKC,DEN,1754,327,4.98,8.73,495.0,18.64,1628.46
ATL,PNS,2268,327,2.16,8.06,271.0,14.42,706.32
DEN,FSD,1315,327,10.41,11.49,483.0,24.87,3404.07
DEN,MSY,1552,327,6.45,10.09,1062.0,21.07,2109.15
ORD,CMI,1783,327,2.56,9.56,135.0,18.34,837.12
SFO,MSP,2449,327,-1.39,6.45,1589.0,13.35,0.0
ATL,CVG,2376,326,2.38,7.88,373.0,13.72,775.88
TPA,FLL,1899,326,4.54,8.82,197.0,17.17,1480.04
RSW,JFK,1229,325,11.23,17.59,1074.0,26.44,3649.75
ORD,HPN,1800,325,2.11,9.07,738.0,18.06,685.75
PIT,ATL,3251,325,-4.19,5.63,526.0,10.0,0.0
SFO,BOI,1403,324,9.16,11.06,522.0,23.09,2967.84
HOU,LAX,1540,324,3.98,12.61,1390.0,21.04,1289.52
EWR,SJU,1194,323,7.83,14.53,1608.0,27.05,2529.09
ATL,LEX,2280,323,2.82,7.55,304.0,14.17,910.86
RDU,CLT,2128,323,3.57,4.94,130.0,15.18,1153.11
BNA,DEN,2008,323,1.47,8.59,1014.0,16.09,474.81
LEX,ATL,2280,323,2.0,6.14,304.0,14.17,646.0
LAS,DAL,1435,322,5.91,13.2,1067.0,22.44,1903.02
SJC,BUR,2133,322,5.38,7.84,296.0,15.1,1732.36
FAR,MSP,1715,321,2.69,5.58,223.0,18.72,863.49
DCA,DAL,2515,321,-3.87,5.29,1184.0,12.76,0.0
ORD,SAT,1036,321,13.69,19.21,1041.0,30.98,4394.49
ORD,TVC,1784,321,2.76,7.91,224.0,17.99,885.96
DEN,MIA,1342,320,7.64,10.63,1709.0,23.85,2444.8
SDF,ATL,2739,320,-0.85,6.52,321.0,11.68,0.0
HOU,AUS,1313,319,10.85,12.59,148.0,24.3,3461.15
BOS,PHX,1428,319,2.25,9.68,2300.0,22.34,717.75
ATL,ORF,2672,318,1.01,8.09,516.0,11.9,321.18
SHV,ATL,2032,318,6.74,7.87,551.0,15.65,2143.32
BWI,ORF,1147,318,12.1,16.31,159.0,27.72,3847.8
CVG,IAH,1097,318,12.42,13.3,871.0,28.99,3949.56
SJC,DEN,2102,317,0.25,6.49,948.0,15.08,79.25
MCO,HPN,1246,317,12.28,15.41,972.0,25.44,3892.76
LAX,MSY,1859,317,2.68,11.08,1670.0,17.05,849.56
LFT,DFW,1617,317,7.53,7.74,351.0,19.6,2387.01
SFO,OGG,1428,316,6.7,11.4,2338.0,22.13,2117.2
TYR,DFW,1612,316,9.42,8.65,102.0,19.6,2976.72
BNA,LAX,1637,315,0.55,9.16,1797.0,19.24,173.25
DCA,JFK,996,315,18.56,20.46,213.0,31.63,5846.4
SLC,OAK,2105,315,0.52,7.32,588.0,14.96,163.8
ORD,COS,935,315,18.05,18.68,911.0,33.69,5685.75
PHX,HOU,1396,314,7.67,12.86,1020.0,22.49,2408.38
ATL,JAN,2297,314,0.96,6.74,341.0,13.67,301.44
STL,PHX,2128,314,-1.18,6.9,1262.0,14.76,0.0
HSV,ATL,2463,313,1.59,6.59,151.0,12.71,497.67
DFW,MAF,1168,313,12.78,13.66,309.0,26.8,4000.14
BHM,IAH,1590,313,5.85,7.33,562.0,19.69,1831.05
CRP,IAH,2140,313,3.48,4.15,201.0,14.63,1089.24
GSP,ATL,2471,313,1.37,6.54,153.0,12.67,428.81
TRI,ATL,1928,313,4.02,5.77,227.0,16.23,1258.26
IAH,ELP,1544,312,6.05,7.68,667.0,20.21,1887.6
TUS,DEN,1879,312,1.37,7.47,639.0,16.6,427.44
SYR,ORD,1623,311,3.41,8.3,607.0,19.16,1060.51
PHX,BOS,1431,311,3.99,10.17,2300.0,21.73,1240.89
ORD,MLI,1612,311,3.35,7.37,139.0,19.29,1041.85
HOU,HRL,1555,311,5.91,8.76,277.0,20.0,1838.01
BWI,CMH,1414,311,7.79,12.14,337.0,21.99,2422.69
MIA,STT,935,310,14.29,17.91,1107.0,33.16,4429.9
MCO,BUF,1521,310,7.17,12.22,1011.0,20.38,2222.7
MCI,MSP,1904,310,3.19,5.84,393.0,16.28,988.9
MRY,LAX,1529,310,8.56,7.75,266.0,20.27,2653.6
ABQ,DEN,1593,310,5.33,10.35,349.0,19.46,1652.3
DFW,CLE,1568,310,4.69,11.66,1021.0,19.77,1453.9
SEA,BOS,1496,309,3.69,10.67,2496.0,20.66,1140.21
CLT,LAS,1553,309,1.7,7.15,1916.0,19.9,525.3
SFO,ACV,1319,309,9.29,11.15,250.0,23.43,2870.61
DFW,FSM,1298,309,10.01,11.42,227.0,23.81,3093.09
SBP,LAX,1373,309,7.44,6.16,156.0,22.51,2298.96
CMI,ORD,1784,309,3.94,7.72,135.0,17.32,1217.46
CMH,MDW,1840,309,4.63,8.41,283.0,16.79,1430.67
HOU,SAT,1299,309,9.9,11.51,192.0,23.79,3059.1
FSD,DEN,1333,309,10.23,10.87,483.0,23.18,3161.07
MCO,CLE,1383,309,6.96,10.52,895.0,22.34,2150.64
LGB,SFO,998,308,14.22,15.33,354.0,30.86,4379.76
CLT,PBI,1617,308,3.61,5.7,590.0,19.05,1111.88
BOS,IAD,2020,308,2.47,7.88,413.0,15.25,760.76
DAL,ELP,1282,308,8.89,13.31,562.0,24.02,2738.12
BDL,ORD,1490,308,5.86,12.36,783.0,20.67,1804.88
IAH,BHM,1587,308,6.5,7.47,562.0,19.41,2002.0
SJC,PDX,2249,308,1.16,3.85,569.0,13.69,357.28
LAX,MRY,1529,307,6.02,7.83,266.0,20.08,1848.14
DEN,DAL,1480,307,5.48,10.6,651.0,20.74,1682.36
DTW,DCA,1705,307,3.99,8.55,405.0,18.01,1224.93
DFW,IND,1594,307,3.87,10.42,761.0,19.26,1188.09
FNT,ORD,1860,306,1.92,4.72,223.0,16.45,587.52
BOS,LAS,1026,305,9.12,14.0,2381.0,29.73,2781.6
IAH,MCI,1628,305,6.93,9.54,643.0,18.73,2113.65
PHX,BWI,1603,305,2.55,9.36,1999.0,19.03,777.75
IAH,LIT,1772,304,4.49,6.01,374.0,17.16,1364.96
BNA,DTW,2047,304,3.46,7.39,456.0,14.85,1051.84
CLE,ATL,2851,304,-3.26,5.48,554.0,10.66,0.0
ORD,EVV,1736,304,-0.07,8.05,272.19,17.51,0.0
ORD,ROC,1656,303,2.21,9.79,528.0,18.3,669.63
DEN,GEG,1339,303,5.85,13.5,836.0,22.63,1772.55
SNA,ORD,2167,303,0.47,7.68,1726.0,13.98,142.41
DFW,RDU,1611,303,3.65,10.36,1061.0,18.81,1105.95
MSY,DEN,1584,303,5.18,11.42,1062.0,19.13,1569.54
IND,EWR,1287,303,10.88,13.02,645.0,23.54,3296.64
HNL,SFO,2065,303,0.7,10.32,2398.0,14.67,212.1
LAX,STL,1468,302,6.8,14.68,1592.0,20.57,2053.6
TLH,ATL,2106,302,3.76,7.79,223.0,14.34,1135.52
ATL,ECP,2021,302,3.33,7.76,240.0,14.94,1005.66
MAF,IAH,2068,302,4.14,4.38,429.0,14.6,1250.28
ROC,ORD,1679,302,3.59,7.48,528.0,17.99,1084.18
BOS,SJU,1032,302,10.5,14.72,1674.0,29.26,3171.0
PBI,HPN,1042,302,13.34,17.11,1056.0,28.98,4028.68
SMF,BUR,2092,301,4.66,7.76,358.0,14.39,1402.66
SAN,JFK,1712,301,1.92,11.95,2446.0,17.58,577.92
LEX,ORD,2015,300,1.51,6.01,323.0,14.89,453.0
BWI,JAX,1109,299,10.21,15.39,663.0,26.96,3052.79
DAL,LBB,1572,298,6.34,8.72,293.0,18.96,1889.32
MFR,SFO,1298,298,10.67,13.1,329.0,22.96,3179.66
BWI,CLE,1190,297,8.53,12.13,314.0,24.96,2533.41
ORD,CWA,1394,297,8.22,11.22,212.19,21.31,2441.34
DTW,SEA,1894,296,0.22,6.81,1927.0,15.63,65.12
TVC,ORD,1784,296,2.56,5.75,224.0,16.59,757.76
RDU,BOS,1526,296,6.84,8.02,612.0,19.4,2024.64
DFW,PDX,1832,295,2.57,9.35,1616.0,16.1,758.15
OAK,DEN,1252,295,8.5,14.62,957.0,23.56,2507.5
DTW,RSW,1613,294,2.16,8.67,1084.0,18.23,635.04
MHT,BWI,2221,294,-1.37,6.24,377.0,13.24,0.0
CVG,ATL,2372,294,0.12,6.11,373.0,12.39,35.28
LAS,SAT,1279,293,6.29,11.59,1069.0,22.91,1842.97
MCI,PHX,1827,293,1.64,6.82,1044.0,16.04,480.52
BWI,PBI,968,293,12.01,17.01,883.0,30.27,3518.93
SMF,PDX,1578,293,4.52,9.3,479.0,18.57,1324.36
LAS,CLE,1377,293,5.57,12.84,1824.0,21.28,1632.01
BDL,BWI,2217,293,0.31,8.12,283.0,13.22,90.83
JAX,CLT,2085,293,1.58,4.09,328.0,14.05,462.94
BWI,PHX,1603,292,2.43,12.46,1999.0,18.22,709.56
BWI,RSW,1224,292,6.89,15.02,919.0,23.86,2011.88
SLC,PDX,2341,292,0.0,2.62,630.0,12.47,0.0
DCA,DEN,1321,292,6.87,8.7,1476.0,22.1,2006.04
IAH,JAN,1943,292,3.56,4.4,351.0,15.03,1039.52
MAF,DFW,1169,292,13.22,12.55,309.0,24.98,3860.24
PHX,RNO,1718,291,2.97,7.88,601.0,16.94,864.27
PHX,HNL,1137,291,7.93,8.09,2917.0,25.59,2307.63
MDW,SAN,1184,290,3.64,14.09,1728.0,24.49,1055.6
ACV,SFO,1320,290,7.53,11.56,250.0,21.97,2183.7
BOS,RDU,1530,290,3.94,6.86,612.0,18.95,1142.6
HOU,CRP,1250,290,9.47,11.39,187.0,23.2,2746.3
BUF,BWI,1808,290,2.93,9.02,281.0,16.04,849.7
SNA,SEA,2762,290,-3.5,-1.48,978.0,10.5,0.0
IAH,TUL,1805,289,3.82,4.46,429.0,16.01,1103.98
SJT,DFW,1628,289,4.67,7.11,229.0,17.75,1349.63
HOU,BNA,1234,289,8.83,11.68,670.0,23.42,2551.87
DAL,DEN,1502,289,3.04,12.62,651.0,19.24,878.56
ABQ,DFW,1797,289,7.24,8.37,569.0,16.08,2092.36
AVL,ATL,1856,289,4.14,8.69,164.0,15.57,1196.46
CLT,BDL,1621,288,4.98,6.3,644.0,17.77,1434.24
BWI,LAX,1115,288,7.09,17.33,2329.0,25.83,2041.92
BOS,MSP,1821,288,2.85,9.4,1124.0,15.82,820.8
ATL,VPS,2207,287,2.14,7.25,250.0,13.0,614.18
CLT,MSY,1520,287,3.85,6.51,651.0,18.88,1104.95
ATL,AVL,1858,287,4.77,8.24,164.0,15.45,1368.99
MFE,IAH,1957,286,3.89,5.2,316.0,14.61,1112.54
HPN,MCO,1245,286,7.82,10.55,972.0,22.97,2236.52
TPA,DTW,2134,286,4.09,8.56,983.0,13.4,1169.74
HPN,PBI,1036,286,11.9,14.09,1056.0,27.61,3403.4
SLC,ATL,2549,286,-0.92,5.52,1590.0,11.22,0.0
PDX,SJC,2248,286,2.28,4.41,569.0,12.72,652.08
SFO,BUR,1581,285,5.8,8.31,326.0,18.03,1653.0
CLE,DFW,1569,285,4.76,11.52,1021.0,18.16,1356.6
MDT,ORD,1592,285,3.88,9.27,594.0,17.9,1105.8
SFO,DAL,1318,285,7.86,10.06,1476.0,21.62,2240.1
SFO,MFR,1296,285,7.2,9.98,329.0,21.99,2052.0
ORD,SBN,1145,285,11.21,11.63,84.0,24.89,3194.85
MDW,TPA,1450,285,4.8,11.65,997.0,19.66,1368.0
HOU,DEN,1773,285,1.7,10.49,883.0,16.07,484.5
SBA,LAX,1460,285,4.54,3.07,89.0,19.52,1293.9
DAL,PHX,1463,284,5.34,11.3,879.0,19.41,1516.56
ATW,ORD,1434,284,8.44,6.08,160.0,19.8,2396.96
MDW,SEA,1028,284,9.5,17.04,1733.0,27.63,2698.0
MCO,STL,1529,283,4.29,9.33,882.0,18.51,1214.07
MSY,LAX,1850,283,-1.37,8.76,1670.0,15.3,0.0
OAK,SLC,2116,283,1.73,6.41,588.0,13.37,489.59
SMF,SNA,2118,283,2.51,5.65,404.0,13.36,710.33
SJU,BOS,1097,282,9.43,14.74,1674.0,25.71,2659.26
MSP,BOS,1817,282,-1.57,5.97,1124.0,15.52,0.0
PHX,PSP,1722,282,6.15,5.12,261.0,16.38,1734.3
DFW,CID,1027,282,11.77,18.74,685.0,27.46,3319.14
JFK,RSW,1230,282,5.9,13.04,1074.0,22.93,1663.8
BNA,MCO,1426,281,6.05,10.43,616.0,19.71,1700.05
DCA,DTW,1713,280,4.81,8.22,405.0,16.35,1346.8
ATL,TRI,1929,280,2.05,5.97,227.0,14.52,574.0
DHN,ATL,1260,279,9.15,7.66,170.0,22.14,2552.85
DFW,HNL,697,279,28.2,30.17,3784.0,40.03,7867.8
DFW,SJT,1628,279,3.29,6.36,229.0,17.14,917.91
TUL,DEN,1461,279,3.69,8.81,541.0,19.1,1029.51
SDF,ORD,1289,279,8.49,10.01,286.84,21.64,2368.71
ASE,DEN,1091,279,10.25,11.23,125.0,25.57,2859.75
IAH,IAD,1312,279,7.47,16.77,1190.0,21.27,2084.13
MSP,CLT,2130,279,-1.18,3.42,930.0,13.1,0.0
LAS,MIA,1395,278,5.34,5.82,2174.0,19.93,1484.52
DFW,PNS,1155,278,9.05,10.83,604.0,24.07,2515.9
CLE,BOS,1819,278,0.62,6.05,563.0,15.28,172.36
CVG,EWR,1479,278,6.08,9.12,569.0,18.8,1690.24
FLL,IAH,1849,278,-1.0,7.05,965.72,15.04,0.0
BDL,MCO,1667,278,1.24,9.39,1050.0,16.68,344.72
EWR,RSW,1380,277,2.49,12.76,1068.0,20.07,689.73
ATL,SLC,2545,277,-4.08,7.66,1590.0,10.88,0.0
TPA,BOS,1104,277,10.21,14.05,1185.0,25.09,2828.17
DEN,FAR,1226,277,8.16,9.14,627.0,22.59,2260.32
DFW,MFE,1450,276,5.23,11.5,469.0,19.03,1443.48
ROA,ATL,1496,276,7.02,10.12,357.0,18.45,1937.52
SJC,ONT,1303,276,8.93,11.92,333.0,21.18,2464.68
DEN,CVG,970,276,13.77,12.76,1069.0,28.45,3800.52
CLE,MCO,1382,275,6.12,9.89,895.0,19.9,1683.0
BUR,SMF,2102,274,2.51,5.75,358.0,13.04,687.74
SLC,SAN,2265,274,-0.49,2.71,626.0,12.1,0.0
STL,HOU,1226,273,7.38,14.25,687.0,22.27,2014.74
FAT,SFO,1191,273,8.44,12.57,158.0,22.92,2304.12
DFW,ONT,1441,272,4.24,11.69,1188.0,18.88,1153.28
DFW,SJC,1512,272,1.72,10.99,1438.0,17.99,467.84
DTW,MCI,1420,272,3.55,9.06,629.0,19.15,965.6
PDX,SEA,1849,272,4.56,3.39,129.0,14.71,1240.32
DTW,BNA,1994,272,0.3,7.61,456.0,13.64,81.6
PHX,MCO,1284,272,5.75,8.8,1849.0,21.18,1564.0
DFW,CAE,965,272,15.01,15.97,922.0,28.19,4082.72
ATL,OKC,1974,272,0.51,8.45,761.0,13.78,138.72
DFW,BPT,973,271,13.76,11.72,270.0,27.85,3728.96
DFW,AMA,1202,271,8.94,10.5,312.0,22.55,2422.74
PHL,PBI,1110,271,5.58,10.1,951.0,24.41,1512.18
LGA,MKE,1214,271,6.22,16.46,738.0,22.32,1685.62
ISP,BWI,1551,271,4.37,8.31,220.0,17.47,1184.27
MLI,ORD,1615,271,4.36,6.24,139.0,16.78,1181.56
PDX,SMF,1597,271,5.98,9.48,479.0,16.97,1620.58
JFK,DCA,1002,271,8.25,11.97,213.0,27.05,2235.75
HOU,TPA,967,271,13.2,15.66,781.0,28.02,3577.2
DEN,BIS,1285,270,6.41,7.11,516.0,21.01,1730.7
EWR,CVG,1515,270,1.57,6.94,569.0,17.82,423.9
ATL,BDL,2342,270,-2.82,6.95,859.0,11.53,0.0
XNA,ATL,1575,269,5.35,6.2,589.0,17.08,1439.15
MSP,EWR,1368,269,4.66,12.21,1008.0,19.66,1253.54
MSP,MCI,1897,269,1.48,5.05,393.0,14.18,398.12
SAT,DEN,1711,269,2.37,9.43,794.0,15.72,637.53
IAH,SNA,1512,269,2.8,13.5,1346.0,17.79,753.2
CRW,ATL,1314,269,7.99,10.16,363.0,20.47,2149.31
MCI,LAS,1611,268,0.59,8.91,1139.0,16.64,158.12
DFW,CLL,1604,268,2.22,5.44,164.0,16.71,594.96
DFW,ELP,1359,268,5.11,10.38,551.0,19.72,1369.48
SLC,LGB,1952,267,1.76,5.61,588.0,13.68,469.92
FAY,ATL,1633,267,6.29,9.49,331.0,16.35,1679.43
BDL,ATL,2341,267,-3.74,5.69,859.0,11.41,0.0
PDX,DFW,1834,266,5.94,9.79,1616.0,14.5,1580.04
CID,DFW,1027,266,12.21,13.97,685.0,25.9,3247.86
ACT,DFW,1612,266,4.44,7.29,89.0,16.5,1181.04
RDU,DFW,1611,266,3.09,9.61,1061.0,16.51,821.94
ATL,AEX,1233,265,7.91,10.18,500.0,21.49,2096.15
SBN,ORD,1144,265,16.4,16.13,84.0,23.16,4346.0
BIS,MSP,1503,265,5.66,5.13,386.0,17.63,1499.9
LAS,BOS,1027,265,7.89,15.61,2381.0,25.8,2090.85
MIA,BWI,1097,265,9.1,11.68,946.0,24.16,2411.5
CLT,RIC,1349,265,6.72,7.06,257.0,19.64,1780.8
HNL,SEA,1744,265,-0.58,3.76,2677.0,15.19,0.0
DAL,TUL,939,265,12.22,13.31,237.0,28.22,3238.3
LAS,HOU,1407,264,4.98,10.43,1235.0,18.76,1314.72
MAF,DAL,1522,264,6.92,6.97,319.0,17.35,1826.88
PHX,MKE,1409,264,2.19,7.39,1460.0,18.74,578.16
MSP,MKE,2204,264,0.69,4.41,297.0,11.98,182.16
DFW,CMH,1511,263,1.45,10.39,926.0,17.41,381.35
DTW,ELM,1431,263,6.55,7.38,332.0,18.38,1722.65
LAS,AUS,1200,263,6.69,10.22,1090.0,21.92,1759.47
HOU,LGA,937,263,10.39,17.63,1428.0,28.07,2732.57
IAD,LAS,1177,263,5.69,14.93,2065.0,22.34,1496.47
ATL,FAY,1634,263,5.35,8.14,331.0,16.1,1407.05
DEN,DCA,1319,263,4.59,7.69,1476.0,19.94,1207.17
PHX,IND,1306,263,7.36,12.49,1488.0,20.14,1935.68
12892,14771,1342,262,4.75,6.83,337.0,19.52,1244.5
JFK,SYR,1016,262,10.65,14.66,209.0,25.79,2790.3
ATL,XNA,1576,262,3.98,7.46,589.0,16.62,1042.76
SEA,SNA,2762,262,-0.91,0.0,978.0,9.49,0.0
ONT,LAS,1372,262,6.07,9.95,197.0,19.1,1590.34
DEN,BUR,1255,261,7.35,11.76,850.0,20.8,1918.35
TYS,ATL,1718,261,1.76,6.66,152.0,15.19,459.36
BNA,TPA,1230,261,8.74,11.96,612.0,21.22,2281.14
STL,MCO,1529,261,2.98,8.14,882.0,17.07,777.78
FLL,BDL,945,260,11.08,18.29,1173.0,27.51,2880.8
EWR,RIC,967,260,11.91,14.75,277.0,26.89,3096.6
AUS,PHX,1580,260,2.98,9.89,872.0,16.46,774.8
IAH,SHV,1470,260,4.23,6.74,192.0,17.69,1099.8
TPA,MDW,1461,259,4.67,11.77,997.0,17.73,1209.53
ATL,PHF,1260,259,7.43,11.53,508.0,20.56,1924.37
SAN,IAH,1701,259,4.5,8.89,1303.0,15.23,1165.5
AUS,HOU,1324,259,6.97,8.59,148.0,19.56,1805.23
SHV,IAH,1473,259,6.01,7.18,192.0,17.58,1556.59
JAN,ATL,2297,259,-1.19,6.06,341.0,11.28,0.0
LFT,ATL,1195,259,9.79,10.62,503.0,21.67,2535.61
ATL,CAK,2043,258,0.24,7.67,528.0,12.63,61.92
AEX,ATL,1233,258,12.73,11.46,500.0,20.92,3284.34
BUR,SJC,2120,258,2.43,4.3,296.0,12.17,626.94
PNS,ATL,2268,258,-1.48,5.24,271.0,11.38,0.0
TUL,IAH,1800,258,2.3,3.19,429.0,14.33,593.4
AMA,DFW,1202,258,7.95,8.21,312.0,21.46,2051.1
LAX,MCI,1000,258,9.07,15.81,1363.0,25.8,2340.06
CHS,ATL,3197,258,-3.04,3.26,259.0,8.07,0.0
ORF,ATL,2673,257,-1.0,6.77,516.0,9.61,0.0
BOS,MDW,1391,257,3.87,12.71,861.0,18.48,994.59
ECP,ATL,2020,257,1.59,7.29,240.0,12.72,408.63
FLL,CLT,2435,257,-0.67,2.91,631.71,10.55,0.0
ATL,TYS,1719,257,2.25,6.42,152.0,14.95,578.25
OMA,MDW,1677,257,1.95,7.74,423.0,15.32,501.15
JFK,JAX,965,256,9.94,15.57,828.0,26.53,2544.64
MDW,OAK,995,256,6.58,17.54,1844.0,25.73,1684.48
DFW,SMF,1326,256,1.35,11.1,1431.0,19.31,345.6
PHX,FLG,1660,256,5.04,4.99,119.0,15.42,1290.24
CHS,EWR,1274,256,10.66,12.3,628.0,20.09,2728.96
DFW,MGM,969,256,11.07,12.01,622.0,26.42,2833.92
DLH,ORD,1101,256,13.52,10.21,397.0,23.25,3461.12
DEN,RNO,1373,255,4.14,10.42,804.0,18.57,1055.7
ORD,LNK,1166,255,9.08,8.07,466.0,21.87,2315.4
CAE,DFW,965,255,13.69,15.89,922.0,26.42,3490.95
14771,12892,1372,255,3.15,5.98,337.0,18.59,803.25
ORD,ATW,1434,255,4.48,5.55,160.0,17.78,1142.4
ATL,ROA,1496,255,5.59,9.13,357.0,17.05,1425.45
LAX,SBA,1459,255,3.64,5.4,89.0,17.48,928.2
DSM,DEN,1158,254,8.56,11.65,589.0,21.93,2174.24
DEN,BIL,1106,254,7.03,11.84,455.0,22.97,1785.62
DAL,LIT,1018,254,9.48,11.94,296.0,24.95,2407.92
SEA,EWR,1513,254,-0.06,11.45,2402.0,16.79,0.0
MSY,JFK,1115,254,6.19,14.61,1182.0,22.78,1572.26
EWR,SEA,1491,254,-2.58,12.78,2402.0,17.04,0.0
RSW,DTW,1614,254,3.14,6.94,1084.0,15.74,797.56
DCA,MSP,1654,253,1.11,8.3,931.0,15.3,280.83
JFK,PDX,854,253,9.15,19.37,2454.0,29.63,2314.95
DFW,JAX,1254,253,4.06,9.62,918.0,20.18,1027.18
MIA,SFO,1022,253,6.39,14.53,2585.0,24.76,1616.67
OMA,MSP,1271,253,7.82,7.27,282.0,19.91,1978.46
DFW,IAD,1303,253,3.48,10.95,1172.0,19.42,880.44
BUR,PHX,1893,253,2.4,5.96,369.0,13.37,607.2
SJU,PHL,1026,252,6.05,8.87,1576.0,24.56,1524.6
PIT,CLT,2414,252,-1.09,1.36,366.0,10.44,0.0
FSD,MSP,1287,252,6.53,5.89,196.0,19.58,1645.56
DEN,DSM,973,252,10.13,11.46,589.0,25.9,2552.76
IAD,DFW,1343,251,4.35,13.22,1172.0,18.69,1091.85
MSY,EWR,1094,251,8.27,15.87,1167.0,22.94,2075.77
ELP,PHX,1451,251,6.07,7.86,347.0,17.3,1523.57
BWI,IND,1028,251,11.55,15.53,516.0,24.42,2899.05
DFW,RSW,1166,251,7.87,10.3,1017.0,21.53,1975.37
MSP,FAR,1718,251,2.68,7.49,223.0,14.61,672.68
JFK,ROC,1102,250,6.95,10.32,264.0,22.69,1737.5
ATL,CRW,1314,250,6.8,10.25,363.0,19.03,1700.0
MDW,SDF,1159,250,8.65,11.84,271.0,21.57,2162.5
CMH,BWI,1423,250,5.39,9.7,337.0,17.57,1347.5
ATL,LIT,1976,249,-0.9,6.49,453.0,12.6,0.0
DFW,LRD,1281,249,4.44,7.13,396.0,19.44,1105.56
VPS,ATL,2208,249,1.12,7.34,250.0,11.28,278.88
MKE,DTW,1730,249,3.45,5.84,237.0,14.39,859.05
DTW,GRR,1342,249,6.38,9.42,120.0,18.55,1588.62
SGF,ATL,1294,249,9.19,11.77,563.0,19.24,2288.31
RSW,EWR,1371,249,1.26,10.22,1068.0,18.16,313.74
CLE,MDW,1823,249,1.5,6.64,307.0,13.66,373.5
LAS,ABQ,1268,248,5.78,9.3,486.0,19.56,1433.44
DFW,OMA,1362,248,3.5,9.5,583.0,18.21,868.0
LAX,ELP,915,248,11.08,13.65,715.0,27.1,2747.84
DFW,LAW,1330,248,6.3,9.27,140.0,18.65,1562.4
FLG,PHX,1660,247,5.44,3.97,119.0,14.88,1343.68
DAL,LAS,1431,247,2.34,10.06,1067.0,17.26,577.98
AUS,JFK,1589,247,4.24,10.36,1521.0,15.54,1047.28
OKC,IAH,1055,247,13.52,12.47,395.0,23.41,3339.44
BWI,DAL,1090,246,3.51,15.98,1209.0,22.57,863.46
MCO,MKE,1255,246,4.11,9.64,1066.0,19.6,1011.06
LAS,STL,1424,246,3.39,9.99,1371.0,17.28,833.94
MKE,LGA,1210,245,6.93,12.82,738.0,20.25,1697.85
PSP,PHX,1722,245,6.84,5.03,261.0,14.23,1675.8
STL,DTW,1316,245,3.42,6.94,440.0,18.62,837.9
JFK,PWM,1180,245,6.14,10.59,273.0,20.76,1504.3
CAK,ATL,2042,245,-2.38,6.19,528.0,12.0,0.0
TUS,DFW,2198,245,0.78,4.46,813.0,11.15,191.1
HOU,MAF,1130,244,7.85,10.37,441.0,21.59,1915.4
ORD,BHM,1014,244,9.48,9.92,584.0,24.06,2313.12
ATL,DHN,1260,244,5.66,7.33,170.0,19.37,1381.04
ATL,ILM,1612,243,3.92,6.62,377.0,15.07,952.56
ELM,DTW,1430,243,4.08,4.97,332.0,16.99,991.44
LAS,EWR,1728,243,-2.62,9.85,2227.0,14.06,0.0
OGG,SEA,1241,242,3.59,7.72,2640.0,19.5,868.78
IAH,TUS,1153,242,5.47,9.08,936.0,20.99,1323.74
DEN,ISN,1158,242,6.4,7.63,576.0,20.9,1548.8
ORD,MBS,1190,242,5.17,8.22,222.0,20.34,1251.14
DFW,PIT,1421,242,1.45,10.55,1067.0,17.03,350.9
MSY,FLL,932,242,13.89,16.96,674.0,25.97,3361.38
BOS,TPA,1102,242,5.44,10.0,1185.0,21.96,1316.48
DFW,GPT,933,242,10.88,12.74,500.0,25.94,2632.96
IAH,MOB,1511,241,5.07,3.98,427.0,15.95,1221.87
KTN,SEA,1319,241,4.38,2.95,680.0,18.27,1055.58
MDW,FLL,1159,241,6.37,13.38,1166.69,20.79,1535.17
PIT,MDW,1777,241,-0.3,5.66,402.0,13.56,0.0
BWI,CHS,1024,240,8.93,13.87,472.0,23.44,2143.2
LAS,MCO,942,240,7.35,13.56,2039.0,25.48,1764.0
SEA,DTW,1892,240,-0.34,4.67,1927.0,12.68,0.0
HOU,OKC,1198,240,7.05,9.58,419.0,20.03,1692.0
LAS,TUS,1099,240,7.22,10.28,365.0,21.84,1732.8
OMA,IAH,1166,239,6.83,6.34,781.0,20.5,1632.37
DAL,AMA,1216,239,7.21,10.18,323.0,19.65,1723.19
IAH,BWI,993,239,6.27,14.93,1235.0,24.07,1498.53
IAH,CVG,1076,239,8.29,8.14,871.0,22.21,1981.31
RSW,LGA,765,239,18.52,22.16,1080.0,31.24,4426.28
MSP,MCO,1588,239,2.94,6.42,1310.0,15.05,702.66
LAX,KOA,1385,239,2.71,10.58,2504.0,17.26,647.69
ORD,CHO,869,238,12.73,16.81,566.79,27.39,3029.74
PHF,ATL,1260,238,8.67,11.0,508.0,18.89,2063.46
STL,MCI,1196,238,6.12,9.95,237.0,19.9,1456.56
IAH,PNS,1419,238,4.86,4.78,489.0,16.77,1156.68
DEN,PSP,989,238,7.94,12.49,776.0,24.06,1889.72
PHL,RSW,960,238,2.95,8.21,993.0,24.79,702.1
MCO,IND,1283,238,5.92,11.22,829.0,18.55,1408.96
SEA,OGG,1240,237,3.26,6.4,2640.0,19.11,772.62
DEN,ONT,1160,237,5.46,10.01,819.0,20.43,1294.02
BNA,IAH,1304,237,4.6,8.29,657.0,18.17,1090.2
PHX,YUM,1878,237,3.22,2.93,160.0,12.62,763.14
JNU,SEA,1232,237,6.34,4.5,909.0,19.24,1502.58
PDX,SLC,2339,236,0.01,2.68,630.0,10.09,2.36
PNS,DFW,1156,236,9.19,12.38,604.0,20.42,2168.84
PHX,DCA,976,236,5.34,8.9,1979.0,24.18,1260.24
ATL,SGF,1294,236,6.93,10.67,563.0,18.24,1635.48
BDL,CLT,1621,236,-1.59,2.89,644.0,14.56,0.0
BWI,PWM,998,236,8.46,11.77,452.0,23.65,1996.56
DEN,JAC,950,236,9.24,13.94,406.0,24.84,2180.64
LGA,MYR,667,236,16.53,16.95,563.0,35.38,3901.08
CLT,MCI,1243,236,4.17,5.63,808.0,18.99,984.12
ORD,RST,1324,235,2.43,9.5,268.0,17.75,571.05
ATL,BMI,877,235,14.19,14.76,533.0,26.8,3334.65
JFK,BTV,1023,235,7.74,11.61,266.0,22.97,1818.9
ILM,ATL,1612,235,4.54,6.44,377.0,14.58,1066.9
SFO,CLT,1818,235,-2.28,1.9,2296.0,12.93,0.0
BPT,DFW,973,235,15.03,15.94,270.0,24.15,3532.05
BWI,IAH,1005,235,8.47,16.85,1235.0,23.38,1990.45
LGB,LAS,1141,235,6.13,8.46,231.0,20.6,1440.55
DTW,SFO,1309,234,0.03,10.99,2079.0,17.88,7.02
MCO,BNA,1412,234,4.58,9.04,616.0,16.57,1071.72
ATL,MLU,1210,234,6.7,8.67,448.0,19.34,1567.8
MLU,ATL,1209,233,9.96,9.7,448.0,19.27,2320.68
DFW,MLU,958,233,12.28,13.54,293.0,24.32,2861.24
SFO,STL,884,233,11.0,17.58,1735.0,26.36,2563.0
BWI,STL,1218,232,3.95,12.93,738.0,19.05,916.4
SEA,KTN,1320,232,5.27,5.54,680.0,17.58,1222.64
EWR,CHS,1275,231,2.95,7.4,628.0,18.12,681.45
ORD,ASE,620,231,20.43,21.93,1013.0,37.26,4719.33
BWI,SDF,1125,231,5.28,11.71,495.0,20.53,1219.68
ELP,IAH,1594,231,3.97,4.7,667.0,14.49,917.07
CMH,EWR,906,231,9.71,12.41,463.0,25.5,2243.01
SAT,HOU,1285,231,4.89,9.0,192.0,17.98,1129.59
MSP,DCA,1655,231,-0.03,5.84,931.0,13.96,0.0
MSP,BIS,1503,230,2.72,5.64,386.0,15.3,625.6
HOU,BOS,928,230,8.5,16.25,1609.0,24.78,1955.0
JFK,CHS,1201,230,2.41,7.46,636.0,19.15,554.3
ATL,SRQ,1930,230,0.49,5.97,444.0,11.92,112.7
EWR,MSP,1314,230,2.52,9.78,1008.0,17.5,579.6
CLT,BUF,1206,230,5.4,5.74,546.0,19.07,1242.0
TUL,ATL,1518,229,3.39,6.57,674.0,15.09,776.31
ONT,SJC,1329,229,5.28,7.73,333.0,17.23,1209.12
MSP,FSD,1285,229,6.9,9.19,196.0,17.82,1580.1
CVG,DEN,882,229,13.81,17.84,1069.0,25.96,3162.49
DEN,CLE,1369,229,0.92,9.7,1201.0,16.73,210.68
TPA,SJU,1090,229,7.85,9.85,1237.0,21.01,1797.65
ORD,ALB,873,228,11.84,16.99,723.0,26.12,2699.52
DFW,SPS,1233,228,4.7,8.02,113.0,18.49,1071.6
DEN,FAT,1005,228,9.24,11.18,844.0,22.69,2106.72
MIA,RDU,1016,228,6.06,10.77,700.0,22.44,1381.68
ATL,OAJ,1136,228,9.88,10.76,399.0,20.07,2252.64
MCO,MSP,1586,228,1.4,6.02,1310.0,14.38,319.2
DFW,MOB,964,227,9.24,8.79,539.0,23.55,2097.48
TPA,DEN,1586,226,-0.98,8.46,1506.0,14.25,0.0
MCI,LAX,981,226,5.14,10.66,1363.0,23.04,1161.64
ICT,IAH,1102,226,6.88,6.68,542.0,20.51,1554.88
BWI,PIT,962,226,9.39,11.75,210.0,23.49,2122.14
BHM,ORD,1011,226,10.37,10.84,584.0,22.35,2343.62
RST,ORD,1323,226,2.15,6.14,268.0,17.08,485.9
ATL,CID,883,226,9.53,14.02,694.0,25.59,2153.78
BNA,HOU,1225,226,4.04,9.61,670.0,18.45,913.04
DTW,MKE,1730,226,1.04,6.23,237.0,13.06,235.04
LAX,SBP,1372,225,3.51,6.04,156.0,16.4,789.75
JAX,JFK,964,225,9.78,16.93,828.0,23.34,2200.5
JFK,MSY,1110,225,1.89,11.49,1182.0,20.27,425.25
BWI,HOU,1067,225,3.51,14.7,1246.0,21.09,789.75
CMH,DFW,1511,224,0.9,7.84,926.0,14.82,201.6
HOU,DCA,1253,224,4.39,8.98,1218.0,17.88,983.36
ORD,CAK,1239,224,5.8,7.79,343.0,18.08,1299.2
ATL,CSG,1067,224,8.36,9.07,83.0,20.99,1872.64
IAH,BNA,1042,224,8.16,9.65,657.0,21.5,1827.84
CWA,ORD,1394,224,4.21,5.62,212.19,16.07,943.04
AUS,MCO,998,224,9.24,11.48,994.0,22.44,2069.76
FLL,SFO,1244,224,-0.93,12.01,2583.68,18.01,0.0
MKE,EWR,1082,224,6.87,8.46,725.0,20.7,1538.88
LAS,LGB,1139,223,7.53,9.52,231.0,19.58,1679.19
PIT,MCO,1473,223,0.47,10.25,834.0,15.14,104.81
HOU,ABQ,950,223,7.28,13.28,759.0,23.47,1623.44
ATL,SAN,2047,223,-5.39,7.86,1892.0,10.89,0.0
DEN,OAK,1242,222,3.05,11.46,957.0,17.87,677.1
CLL,DFW,1604,222,3.15,3.33,164.0,13.84,699.3
EWR,MKE,1090,222,3.7,7.99,725.0,20.37,821.4
LAW,DFW,1331,222,6.72,6.82,140.0,16.68,1491.84
MSP,OMA,1286,221,4.16,7.17,282.0,17.19,919.36
IAD,TPA,989,221,7.23,13.21,811.0,22.35,1597.83
PDX,SAN,1691,221,1.87,4.07,933.0,13.07,413.27
MOB,DFW,964,221,8.9,9.58,539.0,22.93,1966.9
SEA,JNU,1326,221,3.87,5.85,909.0,16.67,855.27
IND,DFW,1593,220,1.36,7.09,761.0,13.81,299.2
STL,LAS,1429,220,-1.1,7.64,1371.0,15.4,0.0
SJU,ORD,1022,220,6.63,17.11,2072.0,21.53,1458.6
STL,BWI,1193,220,3.67,10.55,738.0,18.44,807.4
ATL,MYR,1421,220,4.8,9.03,317.0,15.48,1056.0
SLC,MCO,1239,220,0.44,7.4,1931.0,17.76,96.8
ORD,SPI,997,220,8.86,10.45,174.0,22.07,1949.2
DFW,AEX,987,220,7.55,8.94,285.0,22.29,1661.0
AEX,DFW,987,220,9.85,10.08,285.0,22.29,2167.0
RNO,PHX,1723,219,2.75,4.07,601.0,12.71,602.25
ORD,LSE,1153,219,3.58,9.41,215.0,18.99,784.02
CLT,PVD,1053,219,7.85,7.64,683.0,20.8,1719.15
LBB,DAL,1572,219,5.19,6.58,293.0,13.93,1136.61
DAL,BWI,1094,219,4.42,12.87,1209.0,20.02,967.98
JFK,IAD,951,219,9.6,15.79,228.0,23.03,2102.4
DAL,MCO,1014,219,6.34,11.25,973.0,21.6,1388.46
HOU,STL,1211,219,6.33,11.31,687.0,18.08,1386.27
LAS,CLT,1554,219,-0.92,1.7,1916.0,14.09,0.0
LAS,IAD,1171,218,3.0,13.43,2065.0,18.62,654.0
CLE,DEN,1239,218,8.19,15.85,1201.0,17.59,1785.42
CLE,LAS,1380,218,0.4,8.99,1824.0,15.8,87.2
DFW,BRO,1061,218,7.38,11.7,482.0,20.55,1608.84
HOU,EWR,862,218,9.95,19.98,1411.0,25.29,2169.1
HOU,PHX,1388,218,2.72,10.64,1020.0,15.71,592.96
DEN,ELP,921,218,10.33,10.37,563.0,23.67,2251.94
STL,LAX,1458,218,-2.37,7.24,1592.0,14.95,0.0
SBN,DTW,1299,218,5.92,9.43,157.0,16.78,1290.56
PBI,PHL,1109,218,5.55,6.34,951.0,19.66,1209.9
DEN,PIT,1001,218,7.15,14.79,1290.0,21.78,1558.7
FSM,DFW,1299,217,4.5,4.82,227.0,16.71,976.5
IAH,CLE,1166,217,5.43,11.8,1091.0,18.61,1178.31
ELP,DFW,1359,217,4.78,8.97,551.0,15.97,1037.26
PNS,IAH,1419,217,3.9,4.69,489.0,15.29,846.3
MIA,IAD,809,217,11.18,12.26,921.0,26.82,2426.06
MCO,SLC,1239,217,0.99,7.51,1931.0,17.51,214.83
SMF,DFW,1326,217,9.18,13.97,1431.0,16.37,1992.06
OMA,DFW,1363,216,4.68,7.08,583.0,15.85,1010.88
BOS,CLE,1831,216,-2.92,4.44,563.0,11.8,0.0
ATL,MLI,760,216,13.79,15.54,633.0,28.42,2978.64
ORD,DLH,1102,216,7.2,9.5,397.0,19.6,1555.2
IAH,OMA,1210,215,4.35,6.69,781.0,17.77,935.25
SBP,SFO,1043,215,5.75,11.87,190.0,20.61,1236.25
EWR,IND,1224,214,2.7,5.26,645.0,17.48,577.8
LAX,BWI,1118,214,-0.08,11.62,2329.0,19.14,0.0
SAN,TUS,921,213,8.05,11.0,368.0,23.13,1714.65
RIC,EWR,1015,213,7.51,7.77,277.0,20.99,1599.63
ATL,DAB,1489,213,1.9,7.36,366.0,14.3,404.7
LGB,SLC,1952,213,-0.39,3.26,588.0,10.91,0.0
PIT,BOS,1158,213,2.74,5.72,496.0,18.39,583.62
ABQ,LAS,1265,212,4.01,8.63,486.0,16.76,850.12
LIT,ATL,1976,212,-1.84,5.22,453.0,10.73,0.0
MSY,DTW,979,212,9.96,12.86,926.0,21.65,2111.52
ATL,SJU,1420,212,3.24,8.23,1547.0,14.93,686.88
IAH,COS,914,212,9.88,11.88,809.0,23.19,2094.56
PHX,CMH,1052,212,3.74,10.49,1670.0,20.15,792.88
DAL,OKC,941,212,9.88,10.57,181.0,22.53,2094.56
DFW,GRR,770,211,11.35,15.48,931.0,27.4,2394.85
DTW,MSN,1422,211,2.36,6.27,311.0,14.84,497.96
ORD,AZO,1326,211,0.58,7.74,122.0,15.91,122.38
